sample	nCoV-2019_1	nCoV-2019_2	nCoV-2019_3	nCoV-2019_4	nCoV-2019_5	nCoV-2019_6	nCoV-2019_7	nCoV-2019_8	nCoV-2019_9	nCoV-2019_10	nCoV-2019_11	nCoV-2019_12	nCoV-2019_13	nCoV-2019_14	nCoV-2019_15	nCoV-2019_16	nCoV-2019_17	nCoV-2019_18	nCoV-2019_19	nCoV-2019_20	nCoV-2019_21	nCoV-2019_22	nCoV-2019_23	nCoV-2019_24	nCoV-2019_25	nCoV-2019_26	nCoV-2019_27	nCoV-2019_28	nCoV-2019_29	nCoV-2019_30	nCoV-2019_31	nCoV-2019_32	nCoV-2019_33	nCoV-2019_34	nCoV-2019_35	nCoV-2019_36	nCoV-2019_37	nCoV-2019_38	nCoV-2019_39	nCoV-2019_40	nCoV-2019_41	nCoV-2019_42	nCoV-2019_43	nCoV-2019_44	nCoV-2019_45	nCoV-2019_46	nCoV-2019_47	nCoV-2019_48	nCoV-2019_49	nCoV-2019_50	nCoV-2019_51	nCoV-2019_52	nCoV-2019_53	nCoV-2019_54	nCoV-2019_55	nCoV-2019_56	nCoV-2019_57	nCoV-2019_58	nCoV-2019_59	nCoV-2019_60	nCoV-2019_61	nCoV-2019_62	nCoV-2019_63	nCoV-2019_64	nCoV-2019_65	nCoV-2019_66	nCoV-2019_67	nCoV-2019_68	nCoV-2019_69	nCoV-2019_70	nCoV-2019_71	nCoV-2019_72	nCoV-2019_73	nCoV-2019_74	nCoV-2019_75	nCoV-2019_76	nCoV-2019_77	nCoV-2019_78	nCoV-2019_79	nCoV-2019_80	nCoV-2019_81	nCoV-2019_82	nCoV-2019_83	nCoV-2019_84	nCoV-2019_85	nCoV-2019_86	nCoV-2019_87	nCoV-2019_88	nCoV-2019_89	nCoV-2019_90	nCoV-2019_91	nCoV-2019_92	nCoV-2019_93	nCoV-2019_94	nCoV-2019_95	nCoV-2019_96	nCoV-2019_97	nCoV-2019_98
SAMPLE_11	3.22167499707077	3.81941231120933	3.71991106419834	3.69187682255933	3.291590825658	3.45560611258187	3.24575935596728	3.53516748511494	3.15198239545747	3.89932794987765	3.80318388853534	3.33081946649584	3.66426580014768	3.98511197953935	3.8561244442423	3.75610337158511	3.2132520521964	3.97589113640179	3.95808584852109	3.58421811211741	4.13599084692162	3.81690383937566	3.00130093302042	3.55035067230162	4.05797023171071	3.84714061741341	3.97644168937884	3.65089007785631	3.60400993241223	3.91259399775211	3.95975667299099	4.05207803048417	3.60151678365001	3.82059549654449	3.83708315082319	3.92911225665466	4.150572247669	4.06516875170575	3.79830528202198	3.90091306773767	4.02534683450983	4.0350693444211	3.86752641119974	4.13020506958107	3.64718729789599	3.38453261549425	3.85733249643127	3.71566914240099	3.99007233469215	3.36623612371829	3.762528522447	3.84385542262316	4.05049575888386	3.71850168886727	3.62644302533129	4.01389006032844	4.15983779107111	3.81271286676537	3.75906318816049	3.82432112485077	3.96548392424514	4.06926098628475	3.77371332527702	1.67209785793572	3.63356944255409	2.40993312333129	2.74036268949424	3.76878604690801	3.88890925926353	2.62838893005031	3.2312146479626	3.6126779183165	3.470116353151	2.55144999797288	3.60713320439157	3.33765889102614	3.93831954334216	3.63002085111341	3.44731310882357	3.70603466071435	3.64286005258449	3.96623562409858	4.03261876085072	3.71866773531621	3.82613961793591	3.11260500153457	3.74397986524184	3.7900739484263	3.71222866961954	3.70994801651076	2.85793526471943	3.67687643197314	3.85859734499469	3.92742169505042	3.53516748511494	3.69275881815472	3.83916368291465	3.81204389793023
SAMPLE_43	3.44622640177816	3.81967551999429	3.65311599316557	3.65581049449525	3.1152775913959	3.44762309776029	3.20030318298158	3.47508980338901	3.11859536522376	3.87128097285797	3.7045794496963	3.23854788768133	3.62117628177504	3.94679602727146	3.78753131612723	3.71037126426076	3.04178731897175	3.94620655384278	3.88184096832493	3.41094585868777	4.09788174471387	3.77356704892606	2.84260923961056	3.46209838113516	3.96397660999661	3.81921479988238	3.9198100201702	3.62096843564429	3.55254654795566	3.87349498225617	3.90837777243239	4.00220927298801	3.51308436046514	3.76425087543877	3.76886000084296	3.90681971546655	4.09247501292598	4.05838805999333	3.72623804680264	3.80929030117632	3.97243427695737	4.00039068924991	3.7901443650429	4.13763890502276	3.61710523050238	3.39022836246913	3.78447464376252	3.70722941932729	3.92137429541847	3.36623612371829	3.74507479158206	3.79989168465687	3.96614173273903	3.70543604658525	3.53529412004277	4.00715010536668	4.09715314984596	3.80807586809131	3.70697367617618	3.81497968376076	3.87892373396757	4.01690804397207	3.67458560230291	1.83884909073726	3.58602438238698	2.47275644931721	2.60205999132796	3.69267069915637	3.79692107533017	2.63948648926859	3.16405529189345	3.51706387348265	3.42683645380351	2.51188336097887	3.49052030936335	3.27300127206374	3.86593266819319	3.56995881809659	3.38453261549425	3.63255851453267	3.52865964523499	3.93181370395914	3.94551782207784	3.66417170536193	3.68779641138129	3.0733517023869	3.66266340957404	3.72517630141914	3.59173223895184	3.60498162960743	2.27875360095283	3.51534389308838	3.7701152947871	3.8248414717537	3.28307497473547	3.5854607295085	3.75350645699097	3.68511446904654
SAMPLE_07	3.39672227850377	3.78781456706302	3.6236627073562	3.62726341656822	3.20951501454263	3.51917146382166	3.52595134124801	3.67329743975964	3.5794405971398	3.94733567594874	3.68475562210862	3.49009900506331	3.71924839844795	4.0175341594372	3.88609573243775	3.73743120051458	3.22219604630172	3.99281852006668	3.87639106181919	3.64345267648619	4.15179872259286	3.7451528950769	3.12775251583297	3.77173442538677	3.95520653754194	3.81438079446994	3.86451108105839	3.77276164714403	3.76335310874822	3.88229680093765	4.0681116170273	4.01485642004451	3.6986224297021	3.79885773174749	3.81710240425692	3.95942302194311	4.04508816154282	4.12927086012132	3.75227898546012	3.82975391892497	3.96232197272958	3.97469587190968	3.75526489141225	4.28287124533521	3.9183973388437	3.67960957177976	3.79253176190131	3.66661156841903	3.86734961718879	3.49429376866533	3.78204241662055	3.77648325583368	3.93120352545075	3.8709303583487	3.55822842180333	4.01203535914953	4.06355851811098	3.79629674005179	3.71222866961954	3.82717534829869	3.8546096380958	3.97455774485358	3.66190729276602	2.06445798922692	3.61888448499545	3.24772783290972	2.73158876518674	3.80037335489135	3.77342072329061	2.89431606268444	3.34064237756071	3.59273176639396	3.40891802084678	2.6232492903979	3.46029632675748	3.38952046584638	3.81384775422885	3.65753388755799	3.48387245422267	3.7160033436348	3.5360531551592	3.88789848809687	3.9041202134762	3.63052957142682	3.8829227906026	3.56620171885491	3.68850880765652	3.7093547758344	3.79705969469997	3.62510657540347	2.68304703823885	3.579554960401	3.71650416377322	3.79823617636794	3.44839710345777	3.60562822200762	3.76200296937512	3.79330135361311
SAMPLE_41	3.35983548233989	3.75419538818984	3.61341894503457	3.55714614231836	3.37051308959859	3.48869169831694	3.50555693866382	3.60788374435699	3.59073040579269	3.90590376621662	3.68547301972276	3.40105572577184	3.68948644836425	3.9698350930758	3.86344182861371	3.70808081046823	3.34869419026554	3.94398887507377	3.87610232137779	3.59516541479023	4.11836394426344	3.78390357927274	3.41043978621035	3.74115159885178	3.95588008622538	3.78197067391255	3.85853719756964	3.70500795933334	3.74919504221967	3.85144181467206	4.05068902775888	3.971415023385	3.70027093735644	3.78290240597464	3.79934054945358	3.94314812935856	4.03035680531084	4.08760397368781	3.81204389793023	3.83878614494659	3.94260324884216	3.94939000664491	3.77378644498119	4.22732098254884	3.8842287696326	3.64345267648619	3.79084790396543	3.65657729139611	3.86457040685343	3.44978684698577	3.75974336759772	3.7501225267834	3.93480134174654	3.82039852270398	3.69670578093392	3.97694575055924	4.05165408411329	3.73415951324447	3.69992440274248	3.77952434332479	3.83796701836865	3.94398887507377	3.6746774678732	1.92941892571429	3.66810623793273	3.23954972084047	3.03342375548695	3.76967266405549	3.78175537465247	2.87563993700417	3.46478751964594	3.55035067230162	3.42618582524451	2.71096311899528	3.52491514753987	3.40140054078154	3.8139144200486	3.59117595031179	3.48129927333286	3.67292869044272	3.545059584694	3.85697043348249	3.90384933809668	3.59350758933177	3.88722333136252	3.45362407359145	3.72312715879569	3.6917885244027	3.7427251313047	3.60938094425071	2.90741136077459	3.56098205558624	3.71206014246107	3.76522136630498	3.42732378635725	3.59017283159631	3.72098574415374	3.71365851620836
SAMPLE_02	3.2513948500401	3.69897000433602	3.53693702270467	3.48101242095657	3.28239550474253	3.41043978621035	3.68078861150668	3.70850588095524	3.70816585785554	3.85943853545506	3.57611089412084	3.4401216031878	3.6414741105041	4.01795106883074	3.88332067838298	3.63658818372984	3.32817566143832	3.9218944709291	3.77894672796862	3.57217431361306	4.06580371257502	3.70096317815955	3.25719842613934	3.81451395236824	3.84602767536438	3.72205777133146	3.78139630519679	3.69556922703619	3.71767050300226	3.75610337158511	4.02036128264771	3.93069438766454	3.66838591669	3.74107277237332	3.75097098443732	3.88018455282643	3.93926958633873	4.04273297962172	3.72509452108147	3.68708284460437	3.84720236398092	3.87529282537101	3.67915524128335	4.25404025756171	3.98204497907149	3.74733410961591	3.69504365882129	3.58308536634769	3.74028371968188	3.47741068790725	3.71163853823235	3.68493508264089	3.85442750578786	3.84978782423769	3.63708927353033	3.9230885154424	3.9681092011282	3.72238709417712	3.64276120326532	3.72851610475977	3.73543920325148	3.86147466885717	3.5632437011404	2.17897694729317	3.57426282970703	3.24821856119007	2.91328390176042	3.72689014074182	3.67504473595589	3.00902574208691	3.36455099535397	3.49220145139254	3.2771506139638	2.75204844781944	3.37657695705651	3.45024910831936	3.71792002583699	3.5794405971398	3.39058187855044	3.61689542640076	3.48444220764241	3.77561044800636	3.81703622605003	3.55071742346928	3.85229696582693	3.65552259625342	3.64404449281475	3.60873991906879	3.80509287834267	3.5497387312649	2.97081161087252	3.52672686731464	3.63908787108374	3.72754125702856	3.59911856505536	3.68295692630121	3.75135609972539	3.68957521575994
SAMPLE_05	3.2043913319193	3.71264970162721	3.5864747785714	3.47610671684019	3.30470589821277	3.41430468812833	3.49248101012888	3.52374646681156	3.58342550040651	3.81597600097199	3.61542395288594	3.34576569311449	3.63265971329391	3.88974977526404	3.79035554641439	3.60357736815147	3.35888620440587	3.88829184535652	3.78232926899684	3.50324577146511	4.06314563710664	3.6605809124273	3.34163233577805	3.72337356701898	3.87691031134463	3.72900270927219	3.78618334556763	3.59139855128125	3.70739983113325	3.81137389705389	3.99273020395414	3.87057946055268	3.64463550376815	3.72452162711856	3.73766962735664	3.8573928109209	3.95002390652333	4.01932403715369	3.72924580722531	3.74741180788642	3.88570038012833	3.89414984676792	3.68493508264089	4.21338492491639	3.88991768343621	3.59295357154787	3.69810054562339	3.59868109890716	3.78046133286172	3.40053798939195	3.71340653216769	3.68636810347304	3.85751341477669	3.78986263004638	3.64236558084497	3.91301868374796	3.98690603138072	3.71533468379231	3.63113925025681	3.72948876917956	3.76192783842053	3.87046243158892	3.583765368285	1.93951925261862	3.59306443165872	3.17435059747938	2.99078269180314	3.66913084737333	3.68475562210862	2.80482067872116	3.38845645270027	3.47129171105894	3.28623185402855	2.59439255037543	3.38542751480513	3.32263271169222	3.73933496019608	3.5321171162488	3.38111508070985	3.57541879121436	3.48713837547719	3.77626521826811	3.82588029893618	3.53844805171022	3.82575058134803	3.51917146382166	3.63628725209851	3.59670702968145	3.74569922660251	3.56925683332861	3.088844562727	3.50147007210041	3.65263306808311	3.75373622217501	3.6330642726915	3.68663626926229	3.78632543439007	3.67403400043125
SAMPLE_04	3.15259407792747	3.65494622658434	3.50392680419351	3.40466270087372	3.27392678010053	3.3392526340327	3.55144999797288	3.61066016308988	3.62128016755041	3.7748817658188	3.54814363743485	3.3451776165427	3.56145917124192	3.88767355245445	3.75541746281094	3.57042617835897	3.32428245529769	3.84646082512933	3.72329144647758	3.48770386316373	4.00307259596767	3.61846649219908	3.28981183911762	3.71231290868137	3.78753131612723	3.66651798055488	3.70466518545453	3.6063813651106	3.65676877926602	3.69757803365111	3.95539908663927	3.8560639533331	3.62190296089123	3.68304703823885	3.68833081811227	3.81424759573192	3.87500335360004	3.97616650013198	3.66633074430197	3.63032615480395	3.77858532786296	3.8178957571618	3.61193562504012	4.18406650569166	3.878751520173	3.6063813651106	3.61161711055434	3.51268439621716	3.68078861150668	3.38756777941719	3.65127801399814	3.62335268153799	3.76618969331016	3.76064861958136	3.56537550271407	3.84862011743413	3.91545260168848	3.64137494519213	3.57100967230931	3.64679568877847	3.67960957177976	3.8161749904288	3.49748253736737	1.99122607569249	3.5165353738958	3.13225968953104	2.92941892571429	3.66332393362821	3.61637047229127	2.85793526471943	3.32735893438633	3.43775056282039	3.20112389720738	2.62531245096167	3.29512708525219	3.32654066851656	3.64728514502537	3.48572142648158	3.32118402730231	3.54145442874759	3.40071063677323	3.72296280894249	3.75227898546012	3.50351831272407	3.78433194802215	3.53643217582201	3.59273176639396	3.54937115233318	3.73255457985143	3.50758603976301	3.05690485133647	3.44793286559218	3.56855371204944	3.70277507790104	3.57783634129274	3.66238002001625	3.73575853744374	3.63113925025681
SAMPLE_06	3.30749603791321	3.66894473445773	3.56050441519506	3.46923274250661	3.38898878512471	3.41380251676935	3.5194341949137	3.59516541479023	3.64276120326532	3.79913369330206	3.63798978078469	3.36342393291718	3.67172808823956	3.91270020819086	3.8077379220141	3.62034429975449	2.28780172993023	3.85829652453389	3.80488874462239	3.53249958609466	4.04665121697092	3.6898414091375	3.36455099535397	3.73279569828933	3.86952506285723	3.73679475492436	3.79413935576777	3.64384731029971	3.70191321121234	3.74686762785043	4.00402027325324	3.88166990767206	3.68160299873087	3.72843495097425	3.7419390777292	3.85841687772349	3.93186451349203	4.00397724184554	3.76537048029165	3.75266294312097	3.88705437805096	3.89253980465864	3.72040740080311	4.26023839221013	3.89008552671633	3.64256343710439	3.68033551341456	3.58860780474269	3.77568324902604	3.39967372148104	3.71382642438052	3.68304703823885	3.85955857262605	3.77444396892496	3.69381485388942	3.89420525914208	3.98199971412988	3.68806369694634	3.64365003821733	3.72615646617276	3.76102525171137	3.85943853545506	3.60959440922522	1.94939000664491	3.6098077693287	3.20194306340165	3.13576851456782	3.73054003647712	3.70739983113325	2.88874096068289	3.51188336097887	3.55521540512607	3.31302311032324	2.66651798055488	3.39252108993193	3.35218251811136	3.70517924487368	3.52374646681156	3.43392976560846	3.54157924394658	3.46746010950726	3.7504312486602	3.8234742291703	3.53907609879278	3.86213137931304	3.62438524142026	3.67043140936061	3.58613702523079	3.72090317081346	3.54826654517075	3.01494034979294	3.4848690327204	3.67265192284	3.6959192528314	3.47261019759604	3.56572978783113	3.69072754387037	3.57875378442643
SAMPLE_16	3.45270622651103	3.80071707828239	3.63367040605144	3.579554960401	3.24477176149529	3.49568306761692	3.50242711998443	3.59406090127042	3.52491514753987	3.86899690248714	3.71214441421489	3.34360550810417	3.71458120883953	3.96118370981244	3.86457040685343	3.70380706527433	3.14705767102836	3.92448604373392	3.88930170250631	3.54319858563765	4.14544503613781	3.74686762785043	3.19700472802305	3.72435780422643	3.9645895874899	3.80969435871692	3.88716702089477	3.62096843564429	3.71011736511182	3.83314711191279	4.04178731897175	3.96670477665787	3.68574173860226	3.77070476821578	3.77945218340406	3.93033763573773	4.05899509352542	4.07217634447897	3.74091507648128	3.82549102987943	3.95616843047536	3.96359896259724	3.79754451436173	4.18508864275792	3.86009832969852	3.60292771285919	3.794697126892	3.66735954618309	3.88201196162666	3.41229250932305	3.78554336995659	3.77429793849928	3.93856975622106	3.77901897191487	3.58613702523079	3.97621237711738	4.06796308950126	3.75747194776567	3.71875073473967	3.79197120102077	3.85089118413592	3.95612038639302	3.69072754387037	1.7481880270062	3.62634036737504	3.14050804303818	2.7979596437372	3.75258617874041	3.78951020409025	2.78532983501077	3.30449052777349	3.5219222448835	3.41863268735407	2.53529412004277	3.48372989900002	3.37291200297011	3.81351427154188	3.54257647626053	3.47055748521727	3.6414741105041	3.52283531366053	3.87110570098559	3.92371019439656	3.59824319165362	3.84689354331663	3.41680687182294	3.73102437981569	3.69161187421442	3.75473046902375	3.59228781595213	2.53907609879278	3.48230176722344	3.74849812661374	3.75511226639507	3.34458874257871	3.54998361115969	3.70225816316209	3.66567478099389
SAMPLE_30	3.47187819930729	3.72164576628975	3.58681226944338	3.54543082946535	3.31154195840119	3.44870631990508	3.37584643630916	3.49651451869775	3.45545396877863	3.83058866868514	3.7057782128286	3.28510702956681	3.69635638873333	3.91450182282731	3.82549102987943	3.6662370958958	3.26904570965762	3.88052777819881	3.85357654361964	3.51627088272934	4.09222924216286	3.7131544018373	3.29358351349612	3.68142215572101	3.94403828005442	3.78717699247055	3.88963780040667	3.62930764007375	3.68466586402586	3.79692107533017	4.00445035298922	3.94026739144601	3.63888842470508	3.7499680835094	3.76492298464989	3.88851646107495	4.03598975693643	4.01397417702092	3.78717699247055	3.76477371691104	3.902111723448	3.93074532831111	3.77121990194953	4.09145591305509	3.78211414747907	3.51995918075207	3.78247262416629	3.65253641859303	3.8668778143375	3.36995760734605	3.74020473550745	3.7504312486602	3.92752434087503	3.70952435587634	3.66633074430197	3.92921450373739	4.04249675743374	3.7131544018373	3.69152352216815	3.75860914265974	3.83765155784639	3.92556990954338	3.68313713148301	1.66275783168157	3.65810683550639	3.09025805293132	2.96894968098134	3.73094369342774	3.76819396163307	2.65127801399814	3.39984671271292	3.51014269940257	3.43088094645289	2.57518784492766	3.48287358360875	3.32407657973949	3.80229471139746	3.49982449583958	3.4605971888976	3.56972494922616	3.52582195215666	3.852418992937	3.90124030207331	3.58138068870999	3.82013575187043	3.25983269906348	3.67660216958202	3.66903780088516	3.66866541545449	3.54394394248291	2.65991620006985	3.43424945239648	3.70688839498162	3.70174063243721	3.25815819334079	3.51215053692203	3.67797175281074	3.60031932975166
SAMPLE_18	3.3040594662176	3.71966268301805	3.57426282970703	3.498448403174	3.3541084391474	3.45071087814692	3.57217431361306	3.57588031568065	3.63134228648393	3.81318053258601	3.63868888669012	3.30341207059674	3.68250608593901	3.9129656207041	3.81862172637589	3.65321251377534	3.35793484700045	3.87262237902529	3.81451395236824	3.46642272243379	4.0943313492771	3.66791968531736	3.37180645850742	3.74857561693099	3.90444504107691	3.74437122733186	3.82633400562222	3.61235994796777	3.71924839844795	3.7863964613723	4.03490907336775	3.94743372188705	3.69363902616155	3.72875947516787	3.74374487859246	3.8992731873176	3.98855895687862	4.02370504262204	3.75197157473633	3.772395061082	3.90042175345774	3.90205731080847	3.70952435587634	4.20523143882	3.90638892115283	3.66407759018507	3.72867836685091	3.59295357154787	3.8079407212155	3.33885474625232	3.74934976059748	3.7106250150608	3.88829184535652	3.74091507648128	3.63638758581316	3.9029813997975	4.01080859751221	3.70234435835577	3.67292869044272	3.7364761820277	3.79105874359183	3.90014856071934	3.6331653536839	1.50514997831991	3.61721009455743	3.07371835034612	2.9912260756925	3.69983772586725	3.72582999032058	2.63648789635337	3.36398782974849	3.47114496516063	3.36342393291718	2.52244423350632	3.44715803134222	3.38291713508753	3.75442478927726	3.48015072527328	3.4432629874587	3.5814945422909	3.48515334990365	3.8109042806687	3.86752641119974	3.56359972888153	3.85781477797101	3.54888056263751	3.64855515566267	3.63658818372984	3.76357772446665	3.58433122436753	2.93247376467715	3.41463914673701	3.66642437251876	3.73191094211687	3.49540556314619	3.60292771285919	3.71583627516499	3.62808226099068
SAMPLE_37	3.17435059747938	3.74849812661374	3.5449357658815	3.51574141666937	3.19395897801919	3.48015072527328	3.4983105537896	3.54319858563765	3.52504480703685	3.83638741932641	3.61108573341487	3.29841638006129	3.66922387393081	3.92772955977165	3.80726435527611	3.6652994994999	3.13065534902203	3.88041339987792	3.79532376432931	3.51174971134498	4.07580235362683	3.67678503041921	3.08386080086657	3.68232561866781	3.88468210420602	3.73279569828933	3.79775212865071	3.60541279815305	3.68376726142531	3.79934054945358	4.00034729668536	3.92095770595545	3.63346845557959	3.70552161342267	3.73759016628572	3.88149877961498	3.95036485437612	4.0543065658484	3.70113606609253	3.75739602879302	3.89304011195712	3.90859223884757	3.7093547758344	4.25856545300008	3.89075625191822	3.66228551572213	3.71206014246107	3.60584353905809	3.79504537042112	3.37217528611506	3.73102437981569	3.71683772329952	3.85600345399722	3.74476223706558	3.56241183294973	3.92916338320506	3.99042765848526	3.71566914240099	3.65011316444357	3.72997428569956	3.76745271809777	3.89331781161611	3.59206567043225	1.5910646070265	3.57403126772772	3.07298474462793	2.72591163229505	3.6809697184659	3.69258256227491	2.69019608002851	3.22737244228964	3.45453998496482	3.326949994166	2.58319877396862	3.39480177716271	3.35659943572497	3.74405816587884	3.52621000384166	3.41497334797082	3.61710523050238	3.46582881535744	3.81077001123436	3.83238116024704	3.58183592405765	3.82340901489254	3.55581968306119	3.65321251377534	3.64581511829664	3.75959230864598	3.5729877081982	2.82151352840477	3.49596039488171	3.65272969606925	3.73988865508454	3.5864747785714	3.66039109840247	3.76581751530992	3.67292869044272
SAMPLE_12	3.1646502159343	3.69125835813311	3.59017283159631	3.52582195215666	3.26904570965762	3.38291713508753	3.3003780648707	3.45178643552429	3.36604920980024	3.76730431745327	3.6730209071289	3.23095955574857	3.65475393325293	3.87145617402295	3.77749931959037	3.64620761220669	3.27485032001666	3.8302035989257	3.82353943365686	3.43964842956347	4.05595140532915	3.66351247041516	3.21192108430851	3.61616031284758	3.92819094803876	3.74059951281116	3.85052370887899	3.52374646681156	3.60162547955394	3.75473046902375	3.93771844361726	3.91248776133232	3.5641924606262	3.72786644946749	3.74162425750381	3.85235798366783	4.00885556399621	3.96203768656501	3.73054003647712	3.78915749191144	3.91003712355305	3.91003712355305	3.73311698144206	4.03698799780691	3.71070956572434	3.44978684698577	3.75250940078884	3.60498162960743	3.84720236398092	3.24079877111733	3.71113207230684	3.72172819857279	3.9041202134762	3.648164778574	3.59988307207369	3.87811948469717	4.01017270328678	3.67522825359306	3.65581049449525	3.70637635583969	3.81378107817408	3.89828627858912	3.61804809671209	1.34242268082221	3.61971926561173	2.99607365448528	2.85064623518307	3.66875854175096	3.73822544814251	2.45636603312904	3.30749603791321	3.49150176623733	3.38273726576133	2.45484486000851	3.48129927333286	3.28262211287806	3.77988496319264	3.49359744900053	3.38417413880703	3.55412558151301	3.51054501020661	3.82380015374988	3.87337873640914	3.56264967221192	3.8109042806687	3.24104815067164	3.62910365017714	3.63928722591024	3.65263306808311	3.5946135091601	2.9566485792052	3.50799072481969	3.68966396501577	3.76132632242146	3.46952747918701	3.57089303621839	3.71163853823235	3.617838747717
SAMPLE_28	3.18892848376085	3.73519954842231	3.56312496033804	3.545059584694	3.13065534902203	3.39672227850377	3.34419571587144	3.44185217577329	3.34908316877959	3.79049627696711	3.64865269513122	3.21827285357145	3.6387886671574	3.89459294792296	3.78675142214556	3.64777405026883	3.0068937079479	3.85907822474697	3.82412583391655	3.43488812086732	4.07834804955536	3.68699356626468	3.07261747654524	3.59692681434297	3.90837777243239	3.73110505121592	3.84341966520492	3.55448916000382	3.64757855421246	3.80202075177198	3.9307962629833	3.94709046421962	3.57449426828533	3.71941415970259	3.73471984165568	3.89619541045421	4.01836757838784	4.00095439840646	3.64787176530623	3.77166095934889	3.89696690193315	3.91907809237607	3.76357772446665	4.08073468635314	3.75617951684381	3.51534389308838	3.73295636957562	3.61076659477327	3.82536119595263	3.30254737248749	3.71273385906995	3.72762257796914	3.89464830379352	3.64087877870162	3.45101845215546	3.91755802082544	4.01870049866624	3.69539410829111	3.67559505638675	3.72770388368535	3.80733203929119	3.93424588102307	3.63918755993575	1.41497334797082	3.54270096944811	2.96142109406645	2.58771096501891	3.66228551572213	3.73021684056869	2.45178643552429	3.2817149700273	3.50310943667137	3.21272015441784	2.57403126772772	3.42209716313171	3.33445375115093	3.77327434833745	3.49150176623733	3.39585037601878	3.5814945422909	3.46760810558363	3.84757265914211	3.87598677142849	3.60433407310291	3.79260178116497	3.35372393758895	3.64767631324087	3.66114985724479	3.67851837904011	3.56359972888153	2.61909333062674	3.45788189673399	3.69293500253114	3.76320330037077	3.38667728396084	3.54715912132742	3.71449740864981	3.63628725209851
SAMPLE_47	3.16672605558005	3.63093611906419	3.48358729696889	3.45909078960059	3.22865695810894	3.37217528611506	3.3747483460101	3.50731604007641	3.47567118832443	3.77334754198082	3.5487578285737	3.27021285489624	3.58069693971244	3.8326366275967	3.71374247840908	3.5912872650585	3.25695815256093	3.82112032377682	3.73949323078162	3.4945719842302	3.97322024685223	3.62469453127208	3.23172438332852	3.66922387393081	3.80624782719579	3.68322720604144	3.72419391951433	3.5971464878337	3.60433407310291	3.70165431732575	3.89740713966158	3.82891756161669	3.56572978783113	3.6598211580557	3.66810623793273	3.80787313200333	3.87320430927704	3.95846831836694	3.67815403801044	3.68060742899179	3.83090929954644	3.83966655688243	3.62849110496712	4.10431636451173	3.73174988352726	3.50147007210041	3.62211036036122	3.52022143588196	3.71742083672238	3.33021078457153	3.64943222324162	3.63508143601087	3.77283492723902	3.70320537069549	3.6036855496147	3.85375903307477	3.9120625555885	3.63718942214876	3.55412558151301	3.65619406217919	3.69740372320049	3.79954730712562	3.54319858563765	1.82607480270083	3.54294984881418	3.15654915133178	3.0696680969116	3.65398390737407	3.62459145912685	2.77524625974024	3.38057300306689	3.41813549842523	3.27346427262135	2.51719589794997	3.34830486304816	3.27021285489624	3.64991871873542	3.46239799789896	3.33385014510255	3.53970323894783	3.39199307225971	3.72484908762939	3.7598943740255	3.4848690327204	3.78318869107526	3.33725953975028	3.58860780474269	3.55702572238638	3.59339684230021	3.52205280086882	2.95712819767681	3.42045085910607	3.58115289196629	3.6414741105041	3.37069809257558	3.49094120535679	3.61762929775784	3.59239884611556
SAMPLE_33	3.35774432518038	3.73415951324447	3.54481191175778	3.44310645673727	3.12483014941386	3.38738982633873	3.56181666431896	3.52153034127871	3.54691264318124	3.75739602879302	3.53351786201697	3.18864729599972	3.58467038446435	3.86975959478241	3.77458995026479	3.58905553105234	3.05614226205905	3.82827311205207	3.72956972630197	3.42209716313171	4.0407605242287	3.59659709562646	3.01953168453126	3.64404449281475	3.828337600059	3.65972609523779	3.72279839687091	3.52814507825311	3.64904263408618	3.73893903120348	3.94384062640126	3.828337600059	3.58160836603206	3.66922387393081	3.68051680938125	3.82981818743888	3.91057104848126	4.00004342727686	3.63858908329272	3.70397882500839	3.84763434431826	3.85144181467206	3.6652056284346	4.2207355302131	3.91025077230015	3.65600232068296	3.66707920546422	3.55205953418788	3.72582999032058	3.28712962071911	3.67997269427742	3.64952956594782	3.80386663428498	3.69521891890515	3.4814426285023	3.8701111553644	3.94899945402695	3.67163559660213	3.58939102313693	3.6756867086994	3.70303330473369	3.8499105583015	3.55291145021651	1.55630250076729	3.48029446000301	2.90955602924118	2.6170003411209	3.56878821231535	3.62065647981962	2.43296929087441	3.09621458534641	3.36716948853468	3.27230584440209	2.64345267648619	3.31281182621209	3.36884450682582	3.72427586960079	3.46284703583167	3.37584643630916	3.52166101511207	3.41346741298582	3.74382322160375	3.7928817453854	3.53529412004277	3.75936562165593	3.58353881925435	3.57030938543588	3.58138068870999	3.76237842931196	3.48572142648158	2.49554433754645	3.32551566336315	3.61721009455743	3.68726134624351	3.38863396935179	3.51041094801018	3.6605809124273	3.60573589387675
SAMPLE_35	3.32097667734282	3.68178376646788	3.51785541893003	3.44027921323559	3.2027606873932	3.36078268987328	3.34183005692051	3.42127479121035	3.42160392686983	3.43711609304808	3.54543082946535	3.20248831706009	3.58319877396862	3.82197181764204	3.73078227566639	3.57287160220048	3.13640344813399	3.78951020409025	3.74107277237332	3.38667728396084	4.00663715906859	3.59150980899465	3.16524432612531	3.57806588383609	3.83058866868514	3.66435987455114	3.75189468804375	3.52904517076577	3.60476588470389	3.72353776153206	3.90584982664232	3.82704601700473	3.54468802230268	3.64991871873542	3.67605312465187	3.80604423574809	3.91787295519885	3.9320169064342	3.63477945814595	3.70943957413241	3.83695673705955	3.84466352824024	3.66492389343808	4.07033345585306	3.72468538823736	3.49037992000318	3.67550338472796	3.53895056201436	3.7451528950769	3.26410915630581	3.65686449154892	3.62664826847401	3.80638350182417	3.63205216670581	3.53440689913788	3.84997191232885	3.92808845966497	3.63103769653674	3.583765368285	3.65127801399814	3.70637635583969	3.83511959042455	3.5572665288699	1.55630250076729	3.51428204786038	3.02242837118549	2.77085201164214	3.62128016755041	3.64659975172037	2.58092497567562	3.22711508258913	3.39181692361325	3.29181268746712	2.52244423350632	3.35353155907776	3.2513948500401	3.68439647841902	3.42748610909579	3.34163233577805	3.50009919191572	3.41747169320329	3.72361983551546	3.78483117812447	3.48586332959733	3.73311698144206	3.32035403281767	3.60584353905809	3.57182524904083	3.62582671328571	3.49679131570004	2.65321251377534	3.35487642251623	3.61458086699749	3.62705846400099	3.32878720035453	3.45788189673399	3.61563446887742	3.53096768157191
SAMPLE_10	3.30384377488865	3.71858472002744	3.5828584622245	3.56193576331378	3.1646502159343	3.36078268987328	3.20897851727625	3.50133317864557	3.15228834438306	3.8079407212155	3.66445392858116	3.25791845031406	3.58860780474269	3.86882070619752	3.74538712132001	3.65040466986803	3.10856502373283	3.88434214764706	3.82678723881629	3.49996186559619	4.03322264667025	3.69275881815472	3.10991586302379	3.53058385964512	3.92453771777549	3.76469906379837	3.85015592242209	3.57391544042155	3.55533632799527	3.78788535094092	3.84997191232885	3.92443436354323	3.50051091052634	3.70884563804818	3.7337588355872	3.82775686297862	4.02222210450771	3.98681650458554	3.6746774678732	3.77129344262906	3.90134932541564	3.91566360350577	3.73174988352726	4.04080006125653	3.56878821231535	3.35276119172383	3.72924580722531	3.61257195406518	3.85527680383009	3.29863478312444	3.67375793654958	3.73615737527313	3.89641597647312	3.65243974758942	3.51174971134498	3.89878001328983	4.02685998598456	3.69143515214406	3.63658818372984	3.71742083672238	3.81597600097199	3.92824218315731	3.60691852594829	1.66275783168157	3.53869937954241	3.07700432679335	2.73399928653839	3.66029616027073	3.73909744611748	2.69284691927723	3.23954972084047	3.47290265180366	3.36361197989214	2.43616264704076	3.4320066872696	3.22582599146189	3.77670118398841	3.49094120535679	3.32960124835652	3.57829530512083	3.47246389660699	3.83708315082319	3.87771680086498	3.58737417207307	3.69134676413482	3.07881918309885	3.60916737430202	3.66978161520854	3.56937390961505	3.55557807277295	2.45636603312904	3.45939248775923	3.70825088859138	3.74748949225867	3.22891340599469	3.50297305906563	3.67265192284	3.60745502321467
SAMPLE_42	3.40346370134532	3.69635638873333	3.56525734342021	3.57611089412084	3.20057692675485	3.37235958252432	3.07445071895459	3.42061577062577	3.03059972196595	3.78304557211469	3.69152352216815	3.20601587676334	3.54555450723407	3.8745977687032	3.73078227566639	3.6457169393696	3.17724783625562	3.85351569675693	3.82665779187587	3.50365451924296	3.97358962342726	3.72664572024091	3.19033169817029	3.42894429003557	3.93444794894897	3.78540102499239	3.86195237492145	3.56525734342021	3.45803319249651	3.78311713749047	3.83979218444533	3.94561627922673	3.49623754516674	3.72320931040511	3.73822544814251	3.84029433161144	4.0353096401568	3.98900461569854	3.74546516867073	3.78082117585347	3.91153046230716	3.91944421046524	3.6941662959332	4.03318241372919	3.51706387348265	3.33585891131982	3.75035408876271	3.63928722591024	3.8806992892187	3.32387060654051	3.61909333062674	3.7356787259059	3.91640130360388	3.61405310598722	3.60487377055264	3.91719030851156	4.02591999850202	3.69583177282669	3.59966477878842	3.72900270927219	3.8258154449852	3.94364288275213	3.64581511829664	1.65321251377534	3.60379370413696	3.05728564441821	2.79588001734408	3.66819948419866	3.7592900330243	2.58319877396862	3.21642983087625	3.4696747725518	3.3714373174041	2.37657695705651	3.50419891853945	3.2319790268315	3.79372055681352	3.50406288267869	3.34202768808747	3.58827170684233	3.50119624202709	3.86717275117865	3.89237290739844	3.57077636879475	3.61458086699749	2.92272545799326	3.62190296089123	3.66689221106654	3.48600518636224	3.54802069490553	2.3541084391474	3.42406452541749	3.70104963072914	3.67751570479876	3.18069920129603	3.51811894714315	3.6756867086994	3.60541279815305
SAMPLE_45	3.16494737262184	3.67191301244159	3.5472823079633	3.53643217582201	3.04805317311561	3.35506820634885	3.11159852488039	3.33324569896196	3.07809415040641	3.71566914240099	3.6220066730068	3.13640344813399	3.56002624891289	3.83039617648347	3.68547301972276	3.59813364581324	2.94448267215017	3.81424759573192	3.78376069574392	3.43184604569873	3.99286267138903	3.60884682232641	2.9434945159061	3.37199091146491	3.86195237492145	3.69231804425928	3.80685802951882	3.47055748521727	3.47943133719774	3.73949323078162	3.79622731402944	3.8747716371843	3.43584436598444	3.63958608667343	3.67632773388132	3.77938001149166	3.96217985290877	3.91792542206474	3.62551822897164	3.7213158806059	3.85763398515001	3.87448181769947	3.68006342748195	3.98913822421579	3.54765165835997	3.29424571613812	3.69661845923223	3.58726184969253	3.82223348023884	3.26410915630581	3.63728954767817	3.68223535690256	3.85979854748057	3.5388249889379	3.43216726944259	3.86599180012628	3.97945731809785	3.66689221106654	3.62991903550354	3.70731463358871	3.77981286317058	3.88817949391832	3.59173223895184	1.54406804435028	3.4848690327204	2.89762709129044	2.50785587169583	3.58308536634769	3.69258256227491	2.41161970596323	2.76267856372744	3.39759243403812	3.33745926129066	2.38021124171161	3.42111012979343	3.17376882313665	3.73957234445009	2.42651126136458	3.29797924415936	3.51335079880596	3.4456042032736	3.81197694433695	3.83103748564003	3.54481191175778	3.64777405026883	3.01410032151962	3.55918818900478	3.63022441075243	3.54691264318124	3.52478544932122	2.38201704257487	3.42291798076766	3.65417654187796	3.72246938588403	3.25478968739721	3.49094120535679	3.64434009882632	3.56972494922616
SAMPLE_24	3.00518051250378	3.38003024796783	3.25090769970086	3.25382243870807	3.14829409743475	3.182129214053	3.45514952117983	3.3714373174041	3.44027921323559	3.56038492297202	3.36417563277062	3.10856502373283	3.39216914948974	3.75342984157542	3.64718729789599	3.43039759138697	3.16286299332193	3.6126779183165	3.54406804435028	3.30728204703335	3.8348020540487	3.51507867507592	3.19920647916166	3.54937115233318	3.65456155474174	3.45530177165708	3.47639682672533	3.36059341356525	3.45071087814692	3.51679970408162	3.79274178583475	3.77356704892606	3.47421626407626	3.4344092075875	3.48230176722344	3.62797998982998	3.70268896815913	3.78361776519075	3.52439612210384	3.43964842956347	3.56831908509511	3.59472394640975	3.48557947698468	3.98587535730839	3.61637047229127	3.54381980514266	3.45757914699576	3.31785448933147	3.50758603976301	3.14550717140966	3.44777800929462	3.4119562379304	3.58331215198308	3.49817266063654	3.41027096425218	3.62736585659273	3.69504365882129	3.38399478944173	3.36417563277062	3.50474263627169	3.54419211076503	3.57414706415072	3.3933996952931	1.66275783168157	3.39863432453839	2.97497199429807	2.97726621242729	3.50839503313305	3.49982449583958	2.6222140229663	3.35679046035172	3.32939787936104	3.15685190107001	2.53402610605613	3.23502315949522	3.27646180417324	3.48258776952677	3.27577190016493	3.17231096852195	3.36398782974849	3.2626883443017	3.53819657834945	3.60465797204787	3.2027606873932	3.6598211580557	3.39585037601878	3.47129171105894	3.37180645850742	3.52827377716704	3.33405144034689	2.90633504180509	3.25551371281953	3.37694175714676	3.43663963169266	3.39689644914252	3.47683162851226	3.50188049375506	3.42373724998233
SAMPLE_29	3.40959501939682	3.69302306792369	3.58433122436753	3.55169391512722	3.12807601266872	3.34222522936079	3.13225968953104	3.38792346697344	3.06032002868829	3.74303915480493	3.68609977199592	3.16554107672237	3.59073040579269	3.84117169449953	3.7460890430562	3.62808226099068	3.02407498730743	3.81967551999429	3.86415495600203	3.46344503177043	4.01803440270453	3.69451745381116	2.99607365448528	3.50188049375506	3.94709046421962	3.7496590320949	3.878406887581	3.51772359483374	3.49886168899288	3.76708162136332	3.83225337019701	3.91423734776774	3.49858620881752	3.72320931040511	3.73623709890473	3.80597635071756	4.02222210450771	3.94359343276837	3.68556261115823	3.77099920516394	3.90053098245276	3.91434315711944	3.7598943740255	4.01216206797082	3.52257463269118	3.28262211287806	3.75396586586516	3.61288976928748	3.87621784059164	3.22942584792069	3.64581511829664	3.72443972339707	3.93242302637674	3.55230310933835	3.49150176623733	3.89387267879508	4.03722723458227	3.69355108559591	3.67586995531896	3.71708772492702	3.83935232889542	3.92531209149965	3.65011316444357	1.36172783601759	3.55630250076729	2.97497199429807	2.62940959910272	3.65311599316557	3.75815462196739	2.4456042032736	3.21192108430851	3.46104809167066	3.36865871239223	2.37106786227174	3.48756256025638	3.23829706787539	3.81411435612913	3.44777800929462	3.33162971762993	3.51414913447544	3.47957531017499	3.8356271662099	3.91619065998054	3.58467038446435	3.62930764007375	2.8767949762007	3.62293896921149	3.66152874013198	3.514946005308	3.54444013731769	2.56229286445647	0	3.33122478102073	3.58399179919832	3.13735411137073	3.4605971888976	3.63377134608256	3.51759173071191
SAMPLE_08	3.60249406880728	3.83600745912553	3.74241088058049	3.72745992085791	2.94448267215017	3.40001963506516	3.03422726077055	3.48301642014413	2.69897000433602	3.84917363309883	3.78795612328393	3.2145789535705	3.55942779975949	3.93510402115145	3.77851301173892	3.70009770461305	1.63346845557959	3.96866970172039	3.97136863679142	3.61679048632972	4.08511211326684	3.7501225267834	2.62428209583567	3.23223352111473	3.98068497436331	3.83001093593612	3.93237228214791	3.59659709562646	3.42569721336259	3.87034537108096	3.74562122130694	4.05230909964732	3.40260524191991	3.80597635071756	3.79448804665917	3.80570470443386	4.12849619863271	4.00397724184554	3.63998424804159	3.89353984356466	4.00104105798609	4.03294093778085	3.85107480522889	4.19111552238031	3.52179164963912	3.26245108973043	3.84279639517558	3.77224833997185	3.94821729355997	3.41480627950101	3.71533468379231	3.86911432697938	4.04174787172327	3.62910365017714	3.35983548233989	4.00616642548543	4.18426544306211	3.8342935124427	3.76841608821633	3.85895805471801	3.95433900860246	4.09597092234371	3.71516735784846	1.84509804001426	3.53529412004277	3.01994668167884	2.35602585719312	3.68214507637383	3.8329557506046	2.66086547800387	2.85308952985187	3.61034071145216	3.33665982345442	2.41161970596323	3.47813342810052	3.26764098234592	3.90987681799039	3.610127613076	3.34927752746796	3.65791593682995	3.51904003864834	3.9625113935076	3.99383286661399	3.70320537069549	3.5360531551592	2.82736927305383	3.61310151696691	3.45423489574827	3.51441492058037	3.62469453127208	1.60205999132796	3.55786796156802	3.84849701809037	3.83991777567868	3.12417805547468	3.59162103821332	3.64952956594782	3.63286204010023
SAMPLE_38	3.60702587843479	3.83442070368153	3.70943957413241	3.7326349675392	2.91115760873998	3.42340972773309	2.89209460269048	3.39164070349239	2.52633927738984	3.79295170825013	3.78182715293243	3.06258198422816	3.50174372962799	3.88918961204707	3.72222246396973	3.68304703823885	1.56820172406699	3.89176040145667	3.96449533955509	3.48784512011144	4.0826058726979	3.78972169398092	2.73639650227664	3.31281182621209	4.01397417702092	3.81150797994533	3.95932764597217	3.50596351801813	3.26126286879249	3.83979218444533	3.65724712988372	4.07496264313163	3.3040594662176	3.78604121024255	3.81083715114049	3.79316152924555	4.17551181336345	3.93434692673826	3.6550423413312	3.86201205125022	3.91860691514498	4.02538779989041	3.85859734499469	4.17475737631066	3.40807028588719	3.18069920129603	3.84073323461181	3.73631680790411	3.98600993185326	3.19755621315354	3.65485009056139	3.88428546233968	4.05701912432277	3.49623754516674	3.34576569311449	3.93003161495097	4.22657413028929	3.80645132324726	3.7856856682809	3.81730087839332	3.95119175793471	4.09061070782841	3.70884563804818	1.57978359661681	3.48586332959733	2.8750612633917	2.37839790094814	3.68618923424402	3.87488751084611	2.28555730900777	2.9576072870601	3.5585885831082	3.40226138245468	2.37291200297011	3.5328817194074	3.24501887073775	3.98385171899147	3.52698506856	3.34242268082221	3.59725628292514	3.55954755558043	4.01309013812506	4.03969166164903	3.66931688056611	3.46701581843844	2.61909333062674	3.64718729789599	3.81358098856819	3.52452593662638	3.70148163562093	1.7160033436348	3.49817266063654	3.88890925926353	3.83960372947084	3.06258198422816	3.63407402548747	3.64087877870162	3.59933713299249
SAMPLE_32	3.67006021747313	3.88586986090391	3.7238659644435	3.70850588095524	2.83122969386706	3.45803319249651	2.9576072870601	3.36267092972567	2.83314711191279	3.73231332747124	3.73703353133388	2.97266559226611	3.54654266347813	3.92479599579791	3.77026273817059	3.71222866961954	2.66181268553726	3.92272545799326	3.95124035032434	3.48201557645071	4.12755830200463	3.61668552089551	2.35983548233989	3.16790781000148	3.9504622189056	3.71391035412896	3.9253636673541	3.50379068305718	3.37748838337613	3.82464641471835	3.68232561866781	4.02669665597816	3.34811006848024	3.75273969393533	3.76529592969806	3.81743314411138	4.13145826010653	3.98059415577622	3.53807078704317	3.8676442339031	3.99038325890623	4.02345823764368	3.85835670529777	4.16899807727899	3.5532760461371	3.27898211686544	3.83365699689287	3.74201774714014	3.93008263339237	3.25478968739721	3.71222866961954	3.86433305503339	4.01786771896351	3.56820172406699	3.29025726939452	3.98041246160689	4.17837254121	3.82711068746601	3.78547220330639	3.83122969386706	3.93906974992342	4.09286094333882	3.69521891890515	1.34242268082221	3.42439155441028	2.77524625974024	2.17026171539496	3.48015072527328	3.77166095934889	2.09342168516224	2.65224634100332	3.42357351973274	3.37930551775058	2.44870631990508	3.44870631990508	3.27230584440209	3.92701086897565	3.56110138364906	3.36172783601759	3.59659709562646	3.53096768157191	3.97437350708142	3.9798669225649	3.71096311899528	3.57124285056022	2.87040390527903	3.54394394248291	3.78660947264866	3.56572978783113	3.62930764007375	1.53147891704226	3.32510498297141	3.81204389793023	3.81511265818981	3.14921911265538	3.62991903550354	3.62685341466673	3.61605519497659
SAMPLE_15	3.57760667736254	3.77202816532485	3.68196445899468	3.70001106232211	2.74973631556906	3.38021124171161	2.78958071216443	3.34123662323869	2.40654018043396	3.77633790962018	3.73231332747124	3.03019478535675	3.44122367424261	3.87558210432789	3.68538340980149	3.64058080648965	2.64933485871214	3.88575688106927	3.93211847202912	3.51188336097887	4.04824753180397	3.71700440704055	2.49276038902684	3.15836249209525	3.90638892115283	3.74787770581979	3.90341558576909	3.48287358360875	3.23451728351269	3.82445127003661	3.57541879121436	4.0367486291722	3.24452451157008	3.75754785346924	3.74405816587884	3.71391035412896	4.13946977558943	3.86681880292605	3.51027684441735	3.86899690248714	3.88109921838902	3.99873871625582	3.75250940078884	4.15250238046113	3.32469391386177	3.15715443990628	3.77210156927701	3.71172289182723	3.92443436354323	3.20248831706009	3.58478337899651	3.8575737041475	3.99821573237096	3.54157924394658	3.20520436394814	3.90918147597785	4.18723861983148	3.78710609303657	3.75189468804375	3.80441205913771	3.91460756777108	4.0661394928707	3.69152352216815	1.47712125471966	3.34360550810417	2.03342375548695	2.05307844348342	3.58478337899651	3.81670518366652	2.42813479402879	2.69108149212297	3.51969676715985	3.33203427702752	2.35602585719312	3.43296929087441	3.21537315278342	3.92215432523106	3.53377205838472	3.27438879555038	3.54654266347813	3.4963760540124	3.97708312031585	3.97932069738202	3.24328614608345	3.39164070349239	2.56348108539441	3.52335620665479	3.7814681428418	3.4437322414016	3.63968566124268	1.56820172406699	3.48358729696889	3.85070748537454	3.81204389793023	3.02118929906994	3.5946135091601	3.64246452024212	3.63346845557959
SAMPLE_48	3.30276370847298	3.38703370128236	3.42586014507784	3.45742769294648	2.90036712865647	3.14488541828714	2.39093510710338	3.14829409743475	2.25767857486918	3.49303958831765	3.53655844257153	2.8819549713396	3.21138755293686	3.57978359661681	3.4144719496293	3.34044411484012	1.07918124604762	3.58726184969253	3.67412598274271	3.30792370361188	3.69170020829016	3.55834850876162	2.82477646247555	2.89597473235906	3.73150818359603	3.61331316145546	3.70808081046823	3.27137687189407	2.71264970162721	3.52917360326172	3.41597441137657	3.77114634881499	3.02201573981772	3.55181582235102	3.55606115900953	3.44294986957786	3.78866321312086	3.74772246203551	3.56714404519566	3.56937390961505	3.70671778233676	3.76797172138162	3.53478735862949	3.8394780473742	2.92272545799326	2.8767949762007	3.52775875252097	3.51255099290421	3.72802895442052	2.95279244304409	3.30920417967041	3.65533055800934	3.76871208037766	3.24079877111733	3.28352736486169	3.66726611938227	3.90971645323434	3.53007156883738	3.39287274540208	3.54070478331076	3.65934563574618	3.80942502879703	3.43520710324075	1.46239799789896	3.28891960566173	2.62117628177504	2.44090908206522	3.45040308615537	3.61679048632972	2.32428245529769	2.82930377283102	3.28757780907871	3.07371835034612	1.9731278535997	3.33545790068938	2.93651374247889	3.68376726142531	3.26126286879249	3.02118929906994	3.27091163941048	3.31323429169472	3.7481880270062	3.76170236754141	3.34811006848024	3.08529057823006	2.20682587603185	3.40500466505037	3.464191370641	3.01577875638904	3.32797162362301	1.41497334797082	3.19838213000829	3.52762990087134	3.51468054412498	2.72916478969277	3.2513948500401	3.27669152884504	3.26481782300954
SAMPLE_36	3.65791593682995	3.72542155007426	3.70926996097583	3.84652266841629	2.7160033436348	3.24079877111733	2.10037054511756	3.18780263871842	1.8750612633917	3.61278385671974	3.87384353322344	2.86451108105839	3.24402958903002	3.84516007765195	3.58365210854204	3.72754125702856	2.58883172559421	3.72370189399127	4.12017893847112	3.37032800777951	3.87046243158892	3.34888872307144	2.54900326202579	2.61804809671209	3.77633790962018	3.55557807277295	3.83928945600615	3.38453261549425	2.46686762035411	3.86876195821205	2.90955602924118	4.14022512526645	2.55630250076729	3.8011291875797	3.41329976408125	3.06632592536204	4.23050001184147	3.70122248425656	3.47261019759604	3.81875359049772	3.80482067872116	3.84590383889878	3.64038204470957	4.22786100595501	2.92582757462474	2.94546858513182	3.80502484442981	3.74919504221967	3.89757211382573	3.01577875638904	2.9329808219232	3.9670797341445	4.01233095558015	3.14301480025409	3.1360860973841	3.58871977960006	4.39056420957906	3.65311599316557	3.67897337591977	3.79190108000957	4.03064019486863	4.23545269126322	3.58860780474269	1.27875360095283	3.07990446766672	2.51321760006794	2.2405492482826	3.68654689906301	4.03470865134107	2.02118929906994	2.89707700320942	3.76155198856418	2.99869515831166	2.25767857486918	3.58387859849863	3.15533603746506	4.11849619991179	3.4987239707479	2.98497712641549	3.49220145139254	3.43104194533589	4.1745830891776	4.14721241697046	3.73663549768682	2.88761730033574	1.86923171973098	3.46463855909503	3.99738638439731	3.17782497186468	3.76730431745327	1.39794000867204	3.50351831272407	4.13748070938414	4.0187836888747	2.98989456371877	3.77706415474243	3.63377134608256	3.58081097266095
SAMPLE_03	3.75595104100413	3.73495976127245	3.77626521826811	3.80311555489003	2.71349054309394	3.12483014941386	2.19589965240923	3.27508089845686	1.70757017609794	3.71550194529328	3.75373622217501	2.94890176097021	3.23172438332852	3.7499680835094	3.58927922123597	3.41697317260304	2.63748972951251	3.73631680790411	3.99405306358768	3.4605971888976	3.94919477423798	3.84098383732038	2.28555730900777	2.91381385238372	3.86015826131828	3.78589902838438	3.85040114799716	3.22349594096239	2.57170883180869	3.85076872692888	3.18667386749975	4.02044415536657	2.90741136077459	3.90020321301689	3.64699153747712	3.29225607135648	4.25149221456958	3.66492389343808	3.40993312333129	3.84260923961056	3.83340212923186	4.08073468635314	3.76841608821633	4.23154604399692	2.88874096068289	2.77742682238931	3.68133170596917	3.69319914515372	3.88366143515362	3.13257984765974	3.25430633233129	3.90314427040954	4.01426845720964	3.08098704691089	3.09412159584056	3.78304557211469	4.26902233472923	3.84460141962635	3.77517338542479	3.7048366062114	3.97034687623009	4.1856271356749	3.59988307207369	1.78532983501077	3.25382243870807	2.42324587393681	2.13672056715641	3.80935767021111	3.94021755559974	2.40312052117582	2.45484486000851	3.68430664607163	3.02775720469055	2.06069784035361	3.4451369687133	2.98989456371877	4.04127422505423	3.59372899870791	3.02036128264771	3.56181666431896	3.463295609962	4.11350884053282	4.08596807704607	3.78632543439007	2.66464197555613	1.95424250943932	3.52009032811284	3.82936810798882	3.18098558078673	3.61647551388857	1.34242268082221	3.62211036036122	3.96199028744006	3.87238938841782	2.68663626926229	3.59933713299249	3.58916739054605	3.59966477878842
SAMPLE_44	3.68895346263742	3.74499667403856	3.71011736511182	3.78461729263288	2.74350976472843	3.25066391946324	2.27646180417324	3.1978316933289	1.75587485567249	3.66689221106654	3.71197585435176	2.71349054309394	3.05576046468773	3.68841982200271	3.4029488293444	3.50528567414413	2.39269695325967	3.78767296468749	3.88366143515362	2.97034687623009	3.8563058664333	3.72329144647758	2.46239799789896	2.65417654187796	3.87702561586725	3.77786162417624	3.80875097234959	3.28690535297237	2.53529412004277	3.7900739484263	3.23754373814287	4.04083959468534	3.14082218010931	3.81577692029836	3.67495294804857	3.44075170047919	4.09857451002571	3.81157500587059	3.41380251676935	3.93414481179248	3.82112032377682	4.02308776699545	3.75754785346924	4.20123320868087	2.86981820797933	2.77158748088126	3.7626035495668	3.74849812661374	3.90832413927618	3.08600370561838	3.28126068705501	3.9090744014009	4.00285692606112	3.1360860973841	3.123198075032	3.86320385902863	4.29300878665856	3.75143308181935	3.64552051490587	3.88104210819341	3.95351808144499	4.13953277159794	3.55738688205951	1.46239799789896	3.36884450682582	2.41664050733828	2.15836249209525	3.48472680429866	3.78411781646292	2.06818586174616	2.38916608436453	3.53643217582201	3.0484418035504	2.30749603791321	3.45530177165708	2.80955971463527	4.01489838694621	3.40993312333129	3.02571538390134	3.43248825577051	3.47246389660699	4.08145532782257	4.01317440987887	2.80955971463527	2.72098574415374	2.00860017176192	3.44544851426605	3.83954089296897	3.20493352235414	3.61971926561173	1.50514997831991	3.39445168082622	3.9484129657786	3.85997844164202	2.65609820201283	3.57275546515422	3.41796964221474	3.40688067004912
SAMPLE_25	3.82891756161669	3.80092318181322	3.80057962156913	3.7856856682809	2.45788189673399	3.18723861983148	2.04139268515822	3.22427401429426	1.23044892137827	3.61710523050238	3.74311762521474	2.38381536598043	2.79028516403324	3.59361830812954	2.43296929087441	3.36229393796423	2.25285303097989	3.70926996097583	3.71725431276255	3.35353155907776	4.00225247992054	3.70113606609253	2.02530586526477	2.40312052117582	3.65059889817266	3.55870857053317	3.77836834335587	3.19920647916166	2.56937390961505	3.86876195821205	3.17260293120986	4.1419825155528	2.74896286125616	3.50596351801813	3.47465325336206	2.97863694838447	3.770557474851	3.5931752634781	3.16672605558005	3.86081696386454	3.67375793654958	3.80577263193567	3.60841905131729	4.30013877816571	2.63144376901317	2.5854607295085	3.43472854177976	3.73949323078162	3.70475090429067	2.80208925788173	3.24154648059655	4.06914988984878	3.95036485437612	3.08529057823006	2.84260923961056	3.48315920971698	4.29907126002741	3.61940641088678	3.83078107560636	3.83878614494659	3.90222052827931	3.99616129336801	3.33041377334919	0.602059991327962	2.98677173426624	1.67209785793572	1.93449845124357	3.01661554755718	3.92757565469111	2.11058971029925	2.25042000230889	3.31005573775089	2.77742682238931	2.04921802267018	2.95424250943932	2.80140371001736	4.05522538385382	3.40517554621799	2.80753502806885	3.48258776952677	3.46746010950726	4.13953277159794	4.13123359458968	3.82633400562222	2.51188336097887	1.68124123737559	3.43184604569873	3.90762630484327	3.30813737863804	3.45545396877863	1.04139268515822	3.29225607135648	4.11052237260132	4.04976055176248	2.77451696572855	3.47971923543957	3.55230310933835	3.56241183294973
SAMPLE_34	3.84048248721344	3.81637388875236	3.86646456597174	3.86946641008087	2.68484536164441	3.27300127206374	1.77085201164214	3.17464119266045	1.77815125038364	3.43980621139333	3.5729877081982	2.59769518592551	3.13257984765974	3.67997269427742	3.3732798932775	3.35044185653506	1.98677173426624	3.78724788033195	3.86117583551303	3.52595134124801	3.76937732607614	3.73949323078162	2.44090908206522	2.34242268082221	3.81974129727301	3.55557807277295	4.07780379807609	2.69897000433602	2.35218251811136	3.21245396104028	3.02366391819779	3.88564387183576	2.77742682238931	3.69284691927723	3.52074547151948	3.16583762469013	4.03173153994583	3.55990662503611	3.2332500095411	3.99370069482035	3.8140477209956	4.10212485573453	3.72214012545742	4.3689559453455	2.56110138364906	2.74973631556906	0	3.45484486000851	3.44498111208794	2.76342799356294	3.05384642685225	3.91619065998054	3.97289678443654	3	2.87273882747267	3.69434191036418	4.32395300754292	3.64216763440495	3.65724712988372	3.32469391386177	3.64167237322469	3.94596070357757	3.53428000520508	0.903089986991944	3.11892575282578	2.28330122870355	1.9731278535997	3.76499759928488	3.96080362491177	2.06069784035361	2.60638136511061	3.32613095671079	2.82020145948564	1.91381385238372	3.2405492482826	3.2135177569963	4.20744585398425	3.56229286445647	2.79518458968242	3.4379090355395	3.51547644138238	4.19161866336947	4.19805195172434	3.71290212504722	2.82151352840477	1.61278385671974	3.55738688205951	3.99554744947514	3.2043913319193	3.66143405039392	1.53147891704226	3.55473137667597	4.1397846642937	4.03221570329798	2.67117284271508	3.71441359228712	3.3336487565147	3.31889771462749
SAMPLE_46	3.70714418834245	3.74366652144621	3.60422605308447	3.80536490746645	2.75127910398334	3.13672056715641	1.88649072517248	3.14207646107328	1.07918124604762	3.50009919191572	3.59549622182557	2.44715803134222	2.65321251377534	3.39357520326959	2.75891189239797	3.29114676173189	2.15228834438306	3.63205216670581	3.66219099085901	3.28216877830464	3.47436197603263	3.75358305889291	2.31386722036915	2.59439255037543	3.48939592172713	3.41043978621035	3.18780263871842	2.98855895687862	2.10037054511756	3.54207814633563	2.88479536394898	3.79148011602	2.36361197989214	3.63012264285931	3.56537550271407	2.88309335857569	4.20300567472848	3.73102437981569	3.62211036036122	3.60938094425071	3.57818060962778	3.91444894069855	3.64630568028476	4.13725913863677	2.49415459401844	2.55509444857832	3.65581049449525	3.6200318951263	3.9631264410819	2.68214507637383	3.10414555055401	3.7049222912234	3.79754451436173	2.46834733041216	0	3.4029488293444	4.2001114596238	3.72065535655172	3.54220278243403	3.60948768985329	3.91928734050438	4.05568406491941	2.94497590841205	1.51851393987789	3.17055505852121	2.19312459835446	1.64345267648619	3.55035067230162	3.41863268735407	2.09342168516224	2.19865708695442	3.5321171162488	2.52762990087134	2.07188200730613	3.17724783625562	2.62736585659273	3.91248776133232	3.44839710345777	2.34242268082221	3.02160271602824	3.24625231229932	4.115510662385	3.86587352820781	3.70044410102775	2.58771096501891	1.51851393987789	3.39269695325967	3.83007516642975	2.70757017609794	3.50974001557038	1.04139268515822	3.46701581843844	3.90563400132695	3.80955971463527	2.35983548233989	3.46463855909503	3.32345836684947	3.29776051109913
SAMPLE_14	2.51719589794997	2.90308998699194	3.00774777800074	2.99211148778695	2.33243845991561	2.78675142214556	2.69722934275972	2.82216807936802	2.73319726510657	3.10653085382238	3.05230909964732	2.52244423350632	3.18412335423967	3.23904909314019	3.16016829295851	3.10653085382238	2.10720996964787	3.2692793897719	3.22968184231768	2.931457870689	3.56502092834529	3.06855689507236	2.31175386105575	3.04453976039241	3.33705972632052	3.29600666931367	3.30835094858673	3.04178731897175	3.055378331375	3.14581771449183	3.24204423936955	3.38471174293828	2.94645226501307	3.19838213000829	3.21138755293686	3.30124708863621	3.34654855854847	3.44793286559218	3.06595298031387	3.18582535961296	3.40500466505037	3.40157284567645	3.11660774398825	3.36248247475117	3.0640834359636	2.92064500140679	3.13672056715641	3.08098704691089	3.33203427702752	2.55388302664387	3.14082218010931	3.26693691115917	3.3155505344219	2.98677173426624	2.90471554527868	3.28690535297237	3.37383114507383	3.18383903705642	3.14643813528577	3.14612803567824	3.13513265137677	3.29446622616159	3.08062648692181	0.954242509439325	2.81157500587059	2.38201704257487	1.74036268949424	3.08635983067475	3.16672605558005	1.98227123303957	2.31386722036915	2.89153745767256	2.72916478969277	1.83884909073726	2.64836001098093	2.68574173860226	3.21138755293686	2.8819549713396	2.78816837114117	2.83378437465648	2.91592721169712	3.32735893438633	3.33805787541976	2.95424250943932	3.08778141780954	2.6570558528571	2.94890176097021	2.93801909747621	2.987219229908	2.8494194137969	1.70757017609794	2.90902085421116	3.02694162795903	3.03261876085072	2.60745502321467	2.73719264270474	2.92220627743902	2.9604707775343
SAMPLE_17	3.43727479741012	3.55461028522616	3.74083620705731	3.58489634413745	2.37839790094814	3.22711508258913	2.00432137378264	2.70243053644553	1.23044892137827	3.58069693971244	3.65098709438345	2.78175537465247	2.61278385671974	3.7805333253164	3.66473596851871	3.42699895875654	2.57287160220048	2.7160033436348	3.84029433161144	3.37602918172818	3.98515692127706	3.88586986090391	0.845098040014257	1.82607480270083	0	3.77502760009884	3.74335295140956	2.83250891270624	1.72427586960079	3.64424158584373	2.76789761601809	4.15408906901442	2.45024910831936	3.73511963408187	0	2.9237619608287	3.80915553174718	3.34537373055909	3.13225968953104	4.21769446020538	3.89569872695931	4.23431476801268	3.84335737843796	4.15848311269925	2.36921585741014	0	0	0	3.54863505981475	2.64443858946784	2.96284268120124	3.81690383937566	3.8948143290833	2.44715803134222	3.24353410183206	3.90681971546655	4.50709991940417	3.56925683332861	3.52633927738984	3.48115587082804	3.67154308526257	3.73735169580371	3.52257463269118	1.43136376415899	2.63447727016073	2.36921585741014	1.53147891704226	3.64982146322457	3.76305344029961	2.13672056715641	2.38201704257487	3.80679027158407	2.84323277809801	1.67209785793572	3.64028262969668	2.98587535730839	4.41138397832798	3.69170020829016	2.62117628177504	3.60681114691896	3.73343802709106	3.994361151908	3.9887372752888	3.73735169580371	2.54530711646582	1.79934054945358	3.66181268553726	4.25034680044083	2.97173959088778	4.0315700321411	1.79934054945358	3.92339946615872	4.34999589926286	4.25190577047213	2.89872518158949	3.89867034296553	3.81710240425692	3.80167805903589
SAMPLE_09	3.71933128698373	3.75648396444261	3.80057962156913	3.77070476821578	2.15228834438306	3.00086772153123	2.16136800223497	2.74507479158206	2.29666519026153	3.19256745333655	3.51255099290421	2.65991620006985	2.58319877396862	3.47567118832443	0	3.33102217104183	1.80617997398389	3.88451215919039	3.73671513360561	2.34830486304816	3.52737208282761	0	0	0	0	0	0	2.76417613239033	0	3.54270096944811	2.13033376849501	0	2.46089784275655	3.5328817194074	3.15896526038341	2.3096301674259	3.93399316383124	2.92788341033071	3.25042000230889	3.94171014894165	3.26292546933183	4.02180927702234	3.85787502552356	4.23078090200566	2.10380372095596	2.24303804868629	0	0	3.70225816316209	2.7701152947871	2.96941591235398	3.78197067391255	3.97543180850926	0	2.05307844348342	3.08457627793433	4.27886787393912	3.72867836685091	3.67024585307412	3.67860941655893	3.60075514963962	3.76952502017105	0	1.66275783168157	3.22505069613805	0	1.56820172406699	0	3.36285930295868	1.78532983501077	2.34830486304816	3.79622731402944	2.67669360962487	1.73239375982297	0	2.11058971029925	0	3.49775871828727	2.66558099101795	3.44638181222244	3.37821614974988	4.04587039244936	3.11293997608408	3.77995705124691	2.16731733474818	1.51851393987789	3.17926446433903	3.57030938543588	2.95904139232109	3.44669246637153	0.477121254719662	3.37401474029191	3.77865763194736	3.48129927333286	2.09691001300806	3.49429376866533	3.39759243403812	3.43711609304808
SAMPLE_40	0	0	0	0	0	3.12936759572299	1.32221929473392	0	0	3.17260293120986	3.53096768157191	0	0	3.56253076886226	3.05614226205905	0	0	3.68654689906301	4.16232538919068	3.72370189399127	3.85907822474697	0	2.63848925695464	0	0	3.63508143601087	3.86213137931304	3.17811325231463	0	0	0	4.19315243685208	0	3.96978853741494	0	0	0	0	0	3.78717699247055	0.301029995663981	3.80841355140037	3.65408023530657	4.48657215051836	2.45178643552429	2.61172330800734	0	3.71825250009775	0	0	3.24229290498293	4.32907229075473	0	2.56584781867352	0	3.26974637313077	3.9832202146481	3.47275644931721	0	0	0	3.91776800244776	0	0	3.27160930137883	0	2.47421626407626	0	0	2.13672056715641	0	0	2.93348728784871	2.03342375548695	0	2.82542611776782	4.00277062810119	3.782759192624	0	1	3.04257551244019	0.477121254719662	4.1240801568797	3.61710523050238	1.81954393554187	1.74036268949424	3.41077723337721	3.91545260168848	2.39967372148104	0	0.301029995663981	3.13161866434913	3.95602428228068	4.10147211700024	2.06069784035361	3.76826801645155	3.26245108973043	3.23754373814287
SAMPLE_20	0	0	0	0	0	0	0	0	0	0	0	0	0	0	3.65810683550639	0	0	0	3.84098383732038	0	0	0	0	0	0	0	0	3.00603795499732	2.63245729218472	0.301029995663981	0	0	0	3.71566914240099	0	0	0	0	3.31534047662729	0	0	0	0	0	0	0	0	0	0	2.35024801833416	0	3.79155030502733	0	0	0	0	0	0	0	0	4.15390628513887	0	0	0	3.3647385550554	0	0	0	0	0	0	0	0	0	0	0	4.47641132713374	0	0	0	3.3384564936046	0	0	0	0	0	0	0	0	3.84223468634724	0	0	3.93374029949694	0	2.06069784035361	0	0	0
SAMPLE_19	0	0	3.30877777366472	0	0	0	0	0	0	0	0	0	0	0	0	0	0	0	3.7782236267661	3.38435341413751	0	0	0	0	0	0	0	0	2.08635983067475	0	0	3.88075644451021	0	3.70329137811866	0	0	0	0	0	0	3.44153803870216	3.95717613040485	0	4.02321129232889	0	0	0	0	3.75327657018442	0	0	0	0	0	0	0	3.89630570746608	0	0	0	0	0	3.53832233323144	0	0	0	2.20682587603185	0	0	0	0	0	0	0	3.31154195840119	0	0	0	0	0	0	0	0	0	0	1.30102999566398	0	0	0	0	0	3.03100428136354	0	0	2.11727129565576	2.81756536955978	2.48287358360875	2.33041377334919
SAMPLE_27	0	0	0	0	0	0	0	0	0	0	0	0	0	0	0	0	0	0	0	0	0	0	0	0	0	0	0	0	0	0	0	0	0	4.03338354117312	0	0	0	0	0	0	3.44357587975026	0	0	0	0	0	0	3.66351247041516	0	0	0	0	0	0	0	0	0	0	0	0	0	0	0	0	0	0	0	0	0	0	0	0	0	0	0	0	0	0	0	0	3.14550717140966	0	0	2.6170003411209	0	1.73239375982297	0	0	0	0	0	0	0	0	1.91907809237607	0	0	0
SAMPLE_31	0	0	0	0	0	0	0	0	0	0	0	0	0	0	0	0	0	0	0	0	0	0	0	0	0	0	0	0	0	0	0	0	0	0	0	0	0	0	0	0	0	0	0	0	0	0	0	0	0	2.67117284271508	0	0	0	0	0	0	4.32947923838749	0	0	0	0	0	0	0	0	0	0	0	0	0	0	0	0	0	0	0	0	0	0	0	0	0	0	0	0	0	0	0	0	0	0	0	3.81690383937566	0	0	0	2.72098574415374	0
SAMPLE_13	0	0	0	0	0	0	0	0	0	0	3.0484418035504	0	0	0	0	0	0	0	0	0	0	0	0	0	0	0	0	0	0	0	0	0	0	0	0	0	0	0	0	0	0	0	0	0	0	0	0	0	0	0	0	0	0	0	0	0	3.55594043781851	0	0	0	0	0	0	0	0	0	0	0	0	0	1.79239168949825	0	0	0	0	0	0	0	0	0	0	0	0	0	0	0	0	0	0	0	0	0	0	0	0	0	0	0
SAMPLE_21	0	0	0	0	0	0	0	0	0	0	3.43360984332372	0	0	0	0	0	0	0	0	0	0	0	0	0	0	0	0	0	0	0	0	0	0	0	0	0	0	0	0	0	0	0	0	0	0	0	0	0	3.8842287696326	0	0	0	0	0	0	0	0	0	0	0	0	0	0	0	0	0	0	0	0	0	0	0	0	0	0	0	0	0	0	0	0	0	0	0	0	0	0	3.54157924394658	0	0	0	0	0	0	1.65321251377534	0	0	0
SAMPLE_22	0	0	0	0	0	0	0	0	0	0	0	0	0	0	0	0	0	0	0	0	0	0	0	0	0	0	0	0	0	0	0	0	0	0	0	0	0	0	0	0	0	0	0	3.96614173273903	0	0	0	0	0	0	0	0	0	0	0	0	3.83065281379742	0	0	0	0	0	0	0	0	0	0	0	0	0	0	0	0	0	0	0	0	0	0	0	0	0	0	0	0	0	0	0	0	0	0	0	0	0	0	0	0	0
SAMPLE_26	0	0	0	0	0	0	0	0	0	0	0	0	0	0	0	0	0	0	3.13513265137677	0	0	0	0	0	0	0	0	0	0	0	0	0	0	0	0	0	0	0	0	0	0	0	0	4.05411490051059	0	0	0	0	0	0	0	0	0	0	0	0	0	0	0	0	0	0	0	0	0	0	0	0	0	0	0	0	0	0	0	0	0	0	0	0	0	0	0	0	0	0	0	0	0	0	0	0	0	0	0	0	0	0
SAMPLE_01	0	0	0	0	0	0	0	0	0	0	0	0	0	0	0	0	0	0	0	0	0	0	0	0	0	0	0	0	0	0	0	0	0	0	0	0	0	0	0	0	0	0	0	3.72973159528704	0	0	0	0	0	0	0	0	0	0	0	0	0	0	0	0	0	0	0	0	0	0	0	0	0	0	0	0	0	0	0	0	0	0	0	0	0	0	0	0	0	0	0	0	0	0	0	0	0	0	0	0	0	0
