feature_id	avg_log_intensity	log2_fold_change	significance	label	contrast
Bacteria;Bacteria	4.737562176238321	2.1116512125996048	8.980639481550692e-88	Bacteria	habitatRiverwater
;	3.123899282678641	-0.000023418041817269142	0.9998648953286454	""	habitatRiverwater
Archaea;Archaea	2.9659948893303145	-2.152054924313965	2.300797973618526e-75	Archaea	habitatRiverwater
Bacteria;Bacteria	4.737562176238321	-0.0001608093417501122	0.9991833733878662	Bacteria	habitatSediment
;	3.123899282678641	0.3641679966599467	0.025598401854960682	""	habitatSediment
Archaea;Archaea	2.9659948893303145	-2.4056505318588477	1.9042955083959077e-58	Archaea	habitatSediment
Bacteria;Bacteria	4.737562176238321	2.067697614460684e-6	0.9999850039043378	Bacteria	habitatSoil
;	3.123899282678641	1.7547379150469815	5.5673342891031026e-39	""	habitatSoil
Archaea;Archaea	2.9659948893303145	-0.4891111033895825	0.0000371680294987666	Archaea	habitatSoil
