sample	taxonomy	rel_abundance	Kingdom	Phylum	habitat	name	Riv_vs_Gro	Sed_vs_Soil	sampling_date	lon	lat	city	ctd_temperature_c	ctd_conductivity_us_cm	ctd_do_mg_l	ctd_ph	ctd_turbidity_ntu	ctd_nitrate_mg_l	ctd_doc_mg_l	ctd_depth_m
SRR10070130	Bacteria;Bacteria;Pseudomonadota	0.5861659537545857	Bacteria	Pseudomonadota	Riverwater	SRR10070130-Riverwater	Riverwater		2023-01-01	8.9911	48.5331	Pfäffingen	5.8	480	11.6	8.1	8.4	6.2	3.4	0.6
SRR10070130	Bacteria;Bacteria;Planctomycetota	0.002679128674287976	Bacteria	Planctomycetota	Riverwater	SRR10070130-Riverwater	Riverwater		2023-01-01	8.9911	48.5331	Pfäffingen	5.8	480	11.6	8.1	8.4	6.2	3.4	0.6
SRR10070130	Bacteria;Bacteria;Acidobacteriota	0.0035315787070159684	Bacteria	Acidobacteriota	Riverwater	SRR10070130-Riverwater	Riverwater		2023-01-01	8.9911	48.5331	Pfäffingen	5.8	480	11.6	8.1	8.4	6.2	3.4	0.6
SRR10070130	Bacteria;Bacteria;Actinomycetota	0.017429558704884843	Bacteria	Actinomycetota	Riverwater	SRR10070130-Riverwater	Riverwater		2023-01-01	8.9911	48.5331	Pfäffingen	5.8	480	11.6	8.1	8.4	6.2	3.4	0.6
SRR10070130	Bacteria;Bacteria;Myxococcota_A	0.0036381349611069673	Bacteria	Myxococcota_A	Riverwater	SRR10070130-Riverwater	Riverwater		2023-01-01	8.9911	48.5331	Pfäffingen	5.8	480	11.6	8.1	8.4	6.2	3.4	0.6
SRR10070130	Bacteria;Bacteria;Bacteroidota	0.2114989420486201	Bacteria	Bacteroidota	Riverwater	SRR10070130-Riverwater	Riverwater		2023-01-01	8.9911	48.5331	Pfäffingen	5.8	480	11.6	8.1	8.4	6.2	3.4	0.6
SRR10070130	Bacteria;Bacteria;Verrucomicrobiota	0.009346505715981916	Bacteria	Verrucomicrobiota	Riverwater	SRR10070130-Riverwater	Riverwater		2023-01-01	8.9911	48.5331	Pfäffingen	5.8	480	11.6	8.1	8.4	6.2	3.4	0.6
SRR10070130	Bacteria;Bacteria;Methylomirabilota	0.0002892241182469974	Bacteria	Methylomirabilota	Riverwater	SRR10070130-Riverwater	Riverwater		2023-01-01	8.9911	48.5331	Pfäffingen	5.8	480	11.6	8.1	8.4	6.2	3.4	0.6
SRR10070130	Bacteria;Bacteria;Fibrobacterota	0.0029226858264959736	Bacteria	Fibrobacterota	Riverwater	SRR10070130-Riverwater	Riverwater		2023-01-01	8.9911	48.5331	Pfäffingen	5.8	480	11.6	8.1	8.4	6.2	3.4	0.6
SRR10070130	Bacteria;Bacteria;Patescibacteriota	0.045682188361012586	Bacteria	Patescibacteriota	Riverwater	SRR10070130-Riverwater	Riverwater		2023-01-01	8.9911	48.5331	Pfäffingen	5.8	480	11.6	8.1	8.4	6.2	3.4	0.6
SRR10070130	;;	0.0024812384881189777	Unclassified	Unclassified	Riverwater	SRR10070130-Riverwater	Riverwater		2023-01-01	8.9911	48.5331	Pfäffingen	5.8	480	11.6	8.1	8.4	6.2	3.4	0.6
SRR10070130	Bacteria;Bacteria;Chloroflexota	0.0017657893535079842	Bacteria	Chloroflexota	Riverwater	SRR10070130-Riverwater	Riverwater		2023-01-01	8.9911	48.5331	Pfäffingen	5.8	480	11.6	8.1	8.4	6.2	3.4	0.6
SRR10070130	Bacteria;Bacteria;Bacillota	0.008250498531045926	Bacteria	Bacillota	Riverwater	SRR10070130-Riverwater	Riverwater		2023-01-01	8.9911	48.5331	Pfäffingen	5.8	480	11.6	8.1	8.4	6.2	3.4	0.6
SRR10070130	Bacteria;Bacteria;Bdellovibrionota	0.007489382430395933	Bacteria	Bdellovibrionota	Riverwater	SRR10070130-Riverwater	Riverwater		2023-01-01	8.9911	48.5331	Pfäffingen	5.8	480	11.6	8.1	8.4	6.2	3.4	0.6
SRR10070130	Bacteria;Bacteria;	0.04616930266542858	Bacteria	Unclassified	Riverwater	SRR10070130-Riverwater	Riverwater		2023-01-01	8.9911	48.5331	Pfäffingen	5.8	480	11.6	8.1	8.4	6.2	3.4	0.6
SRR10070130	Bacteria;Bacteria;Desulfobacterota	0.0032575769107819706	Bacteria	Desulfobacterota	Riverwater	SRR10070130-Riverwater	Riverwater		2023-01-01	8.9911	48.5331	Pfäffingen	5.8	480	11.6	8.1	8.4	6.2	3.4	0.6
SRR10070130	Bacteria;Bacteria;Elusimicrobiota	0.000548003592467995	Bacteria	Elusimicrobiota	Riverwater	SRR10070130-Riverwater	Riverwater		2023-01-01	8.9911	48.5331	Pfäffingen	5.8	480	11.6	8.1	8.4	6.2	3.4	0.6
SRR10070130	Bacteria;Bacteria;Myxococcota	0.0017353447094819844	Bacteria	Myxococcota	Riverwater	SRR10070130-Riverwater	Riverwater		2023-01-01	8.9911	48.5331	Pfäffingen	5.8	480	11.6	8.1	8.4	6.2	3.4	0.6
SRR10070130	Bacteria;Bacteria;Nitrospirota	0.0009133393207799918	Bacteria	Nitrospirota	Riverwater	SRR10070130-Riverwater	Riverwater		2023-01-01	8.9911	48.5331	Pfäffingen	5.8	480	11.6	8.1	8.4	6.2	3.4	0.6
SRR10070130	Archaea;Archaea;Thermoproteota	0.0007915607446759929	Archaea	Thermoproteota	Riverwater	SRR10070130-Riverwater	Riverwater		2023-01-01	8.9911	48.5331	Pfäffingen	5.8	480	11.6	8.1	8.4	6.2	3.4	0.6
SRR10070130	Bacteria;Bacteria;Bdellovibrionota_B	0.0009742286088319913	Bacteria	Bdellovibrionota_B	Riverwater	SRR10070130-Riverwater	Riverwater		2023-01-01	8.9911	48.5331	Pfäffingen	5.8	480	11.6	8.1	8.4	6.2	3.4	0.6
SRR10070130	Bacteria;Bacteria;Omnitrophota	0.006195485059290944	Bacteria	Omnitrophota	Riverwater	SRR10070130-Riverwater	Riverwater		2023-01-01	8.9911	48.5331	Pfäffingen	5.8	480	11.6	8.1	8.4	6.2	3.4	0.6
SRR10070130	Bacteria;Bacteria;Campylobacterota	0.021539585648394807	Bacteria	Campylobacterota	Riverwater	SRR10070130-Riverwater	Riverwater		2023-01-01	8.9911	48.5331	Pfäffingen	5.8	480	11.6	8.1	8.4	6.2	3.4	0.6
SRR10070130	Bacteria;Bacteria;Eisenbacteria	0.000776338422662993	Bacteria	Eisenbacteria	Riverwater	SRR10070130-Riverwater	Riverwater		2023-01-01	8.9911	48.5331	Pfäffingen	5.8	480	11.6	8.1	8.4	6.2	3.4	0.6
SRR10070130	Bacteria;Bacteria;Gemmatimonadota	0.0001674455421429985	Bacteria	Gemmatimonadota	Riverwater	SRR10070130-Riverwater	Riverwater		2023-01-01	8.9911	48.5331	Pfäffingen	5.8	480	11.6	8.1	8.4	6.2	3.4	0.6
SRR10070130	Bacteria;Bacteria;Krumholzibacteriota	0.00025877947422099765	Bacteria	Krumholzibacteriota	Riverwater	SRR10070130-Riverwater	Riverwater		2023-01-01	8.9911	48.5331	Pfäffingen	5.8	480	11.6	8.1	8.4	6.2	3.4	0.6
SRR10070130	Bacteria;Bacteria;Cyanobacteriota	0.008798502123513921	Bacteria	Cyanobacteriota	Riverwater	SRR10070130-Riverwater	Riverwater		2023-01-01	8.9911	48.5331	Pfäffingen	5.8	480	11.6	8.1	8.4	6.2	3.4	0.6
SRR10070130	Bacteria;Bacteria;Hydrogenedentota	0.00025877947422099765	Bacteria	Hydrogenedentota	Riverwater	SRR10070130-Riverwater	Riverwater		2023-01-01	8.9911	48.5331	Pfäffingen	5.8	480	11.6	8.1	8.4	6.2	3.4	0.6
SRR10070130	Bacteria;Bacteria;Fusobacteriota	0.0025116831321449775	Bacteria	Fusobacteriota	Riverwater	SRR10070130-Riverwater	Riverwater		2023-01-01	8.9911	48.5331	Pfäffingen	5.8	480	11.6	8.1	8.4	6.2	3.4	0.6
SRR10070130	Archaea;Archaea;Nanobdellota	0.0004566696603899959	Archaea	Nanobdellota	Riverwater	SRR10070130-Riverwater	Riverwater		2023-01-01	8.9911	48.5331	Pfäffingen	5.8	480	11.6	8.1	8.4	6.2	3.4	0.6
SRR10070130	Bacteria;Bacteria;Babelota	0.0009590062868189914	Bacteria	Babelota	Riverwater	SRR10070130-Riverwater	Riverwater		2023-01-01	8.9911	48.5331	Pfäffingen	5.8	480	11.6	8.1	8.4	6.2	3.4	0.6
SRR10070130	Bacteria;Bacteria;Desulfobacterota_D	0.00021311250818199808	Bacteria	Desulfobacterota_D	Riverwater	SRR10070130-Riverwater	Riverwater		2023-01-01	8.9911	48.5331	Pfäffingen	5.8	480	11.6	8.1	8.4	6.2	3.4	0.6
SRR10070130	Bacteria;Bacteria;Bdellovibrionota_C	0.00022833483019499794	Bacteria	Bdellovibrionota_C	Riverwater	SRR10070130-Riverwater	Riverwater		2023-01-01	8.9911	48.5331	Pfäffingen	5.8	480	11.6	8.1	8.4	6.2	3.4	0.6
SRR10070130	Bacteria;Bacteria;Bdellovibrionota_G	0.00007611161006499931	Bacteria	Bdellovibrionota_G	Riverwater	SRR10070130-Riverwater	Riverwater		2023-01-01	8.9911	48.5331	Pfäffingen	5.8	480	11.6	8.1	8.4	6.2	3.4	0.6
SRR10070131	Bacteria;Bacteria;Pseudomonadota	0.589973878078131	Bacteria	Pseudomonadota	Riverwater	SRR10070131-Riverwater	Riverwater		2023-01-03	8.992	48.5338	Pfäffingen	6.1	495	11.2	8.0	9.7	6.8	3.7	0.5
SRR10070131	Bacteria;Bacteria;Planctomycetota	0.002861671215990138	Bacteria	Planctomycetota	Riverwater	SRR10070131-Riverwater	Riverwater		2023-01-03	8.992	48.5338	Pfäffingen	6.1	495	11.2	8.0	9.7	6.8	3.7	0.5
SRR10070131	Bacteria;Bacteria;Acidobacteriota	0.004285169205482668	Bacteria	Acidobacteriota	Riverwater	SRR10070131-Riverwater	Riverwater		2023-01-03	8.992	48.5338	Pfäffingen	6.1	495	11.2	8.0	9.7	6.8	3.7	0.5
SRR10070131	Bacteria;Bacteria;Actinomycetota	0.012972909512488627	Bacteria	Actinomycetota	Riverwater	SRR10070131-Riverwater	Riverwater		2023-01-03	8.992	48.5338	Pfäffingen	6.1	495	11.2	8.0	9.7	6.8	3.7	0.5
SRR10070131	Bacteria;Bacteria;Myxococcota_A	0.0031698511930967686	Bacteria	Myxococcota_A	Riverwater	SRR10070131-Riverwater	Riverwater		2023-01-03	8.992	48.5338	Pfäffingen	6.1	495	11.2	8.0	9.7	6.8	3.7	0.5
SRR10070131	Bacteria;Bacteria;Bacteroidota	0.20846174165712777	Bacteria	Bacteroidota	Riverwater	SRR10070131-Riverwater	Riverwater		2023-01-03	8.992	48.5338	Pfäffingen	6.1	495	11.2	8.0	9.7	6.8	3.7	0.5
SRR10070131	Bacteria;Bacteria;Verrucomicrobiota	0.008966569810102434	Bacteria	Verrucomicrobiota	Riverwater	SRR10070131-Riverwater	Riverwater		2023-01-03	8.992	48.5338	Pfäffingen	6.1	495	11.2	8.0	9.7	6.8	3.7	0.5
SRR10070131	Bacteria;Bacteria;Methylomirabilota	0.00020545331807108686	Bacteria	Methylomirabilota	Riverwater	SRR10070131-Riverwater	Riverwater		2023-01-03	8.992	48.5338	Pfäffingen	6.1	495	11.2	8.0	9.7	6.8	3.7	0.5
SRR10070131	Bacteria;Bacteria;Fibrobacterota	0.0026121921869038185	Bacteria	Fibrobacterota	Riverwater	SRR10070131-Riverwater	Riverwater		2023-01-03	8.992	48.5338	Pfäffingen	6.1	495	11.2	8.0	9.7	6.8	3.7	0.5
SRR10070131	Bacteria;Bacteria;Patescibacteriota	0.04662322796513164	Bacteria	Patescibacteriota	Riverwater	SRR10070131-Riverwater	Riverwater		2023-01-03	8.992	48.5338	Pfäffingen	6.1	495	11.2	8.0	9.7	6.8	3.7	0.5
SRR10070131	;;	0.003184526430101846	Unclassified	Unclassified	Riverwater	SRR10070131-Riverwater	Riverwater		2023-01-03	8.992	48.5338	Pfäffingen	6.1	495	11.2	8.0	9.7	6.8	3.7	0.5
SRR10070131	Bacteria;Bacteria;Chloroflexota	0.0021719350767514896	Bacteria	Chloroflexota	Riverwater	SRR10070131-Riverwater	Riverwater		2023-01-03	8.992	48.5338	Pfäffingen	6.1	495	11.2	8.0	9.7	6.8	3.7	0.5
SRR10070131	Bacteria;Bacteria;Bacillota	0.006031522409086907	Bacteria	Bacillota	Riverwater	SRR10070131-Riverwater	Riverwater		2023-01-03	8.992	48.5338	Pfäffingen	6.1	495	11.2	8.0	9.7	6.8	3.7	0.5
SRR10070131	Bacteria;Bacteria;Bdellovibrionota	0.008350209855889173	Bacteria	Bdellovibrionota	Riverwater	SRR10070131-Riverwater	Riverwater		2023-01-03	8.992	48.5338	Pfäffingen	6.1	495	11.2	8.0	9.7	6.8	3.7	0.5
SRR10070131	Bacteria;Bacteria;	0.045331807108684806	Bacteria	Unclassified	Riverwater	SRR10070131-Riverwater	Riverwater		2023-01-03	8.992	48.5338	Pfäffingen	6.1	495	11.2	8.0	9.7	6.8	3.7	0.5
SRR10070131	Bacteria;Bacteria;Desulfobacterota	0.0025534912388835078	Bacteria	Desulfobacterota	Riverwater	SRR10070131-Riverwater	Riverwater		2023-01-03	8.992	48.5338	Pfäffingen	6.1	495	11.2	8.0	9.7	6.8	3.7	0.5
SRR10070131	Bacteria;Bacteria;Elusimicrobiota	0.0002641542660913974	Bacteria	Elusimicrobiota	Riverwater	SRR10070131-Riverwater	Riverwater		2023-01-03	8.992	48.5338	Pfäffingen	6.1	495	11.2	8.0	9.7	6.8	3.7	0.5
SRR10070131	Bacteria;Bacteria;Myxococcota	0.0020545331807108685	Bacteria	Myxococcota	Riverwater	SRR10070131-Riverwater	Riverwater		2023-01-03	8.992	48.5338	Pfäffingen	6.1	495	11.2	8.0	9.7	6.8	3.7	0.5
SRR10070131	Bacteria;Bacteria;Nitrospirota	0.0009098646943148131	Bacteria	Nitrospirota	Riverwater	SRR10070131-Riverwater	Riverwater		2023-01-03	8.992	48.5338	Pfäffingen	6.1	495	11.2	8.0	9.7	6.8	3.7	0.5
SRR10070131	Archaea;Archaea;Thermoproteota	0.0007631123242640369	Archaea	Thermoproteota	Riverwater	SRR10070131-Riverwater	Riverwater		2023-01-03	8.992	48.5338	Pfäffingen	6.1	495	11.2	8.0	9.7	6.8	3.7	0.5
SRR10070131	Bacteria;Bacteria;Bdellovibrionota_B	0.0007777875612691145	Bacteria	Bdellovibrionota_B	Riverwater	SRR10070131-Riverwater	Riverwater		2023-01-03	8.992	48.5338	Pfäffingen	6.1	495	11.2	8.0	9.7	6.8	3.7	0.5
SRR10070131	Bacteria;Bacteria;Omnitrophota	0.007557747057614981	Bacteria	Omnitrophota	Riverwater	SRR10070131-Riverwater	Riverwater		2023-01-03	8.992	48.5338	Pfäffingen	6.1	495	11.2	8.0	9.7	6.8	3.7	0.5
SRR10070131	Bacteria;Bacteria;Campylobacterota	0.023568430630154676	Bacteria	Campylobacterota	Riverwater	SRR10070131-Riverwater	Riverwater		2023-01-03	8.992	48.5338	Pfäffingen	6.1	495	11.2	8.0	9.7	6.8	3.7	0.5
SRR10070131	Bacteria;Bacteria;Zixibacteria	0.00007337618502538816	Bacteria	Zixibacteria	Riverwater	SRR10070131-Riverwater	Riverwater		2023-01-03	8.992	48.5338	Pfäffingen	6.1	495	11.2	8.0	9.7	6.8	3.7	0.5
SRR10070131	Bacteria;Bacteria;Eisenbacteria	0.00055765900619295	Bacteria	Eisenbacteria	Riverwater	SRR10070131-Riverwater	Riverwater		2023-01-03	8.992	48.5338	Pfäffingen	6.1	495	11.2	8.0	9.7	6.8	3.7	0.5
SRR10070131	Bacteria;Bacteria;Gemmatimonadota	0.000044025711015232896	Bacteria	Gemmatimonadota	Riverwater	SRR10070131-Riverwater	Riverwater		2023-01-03	8.992	48.5338	Pfäffingen	6.1	495	11.2	8.0	9.7	6.8	3.7	0.5
SRR10070131	Bacteria;Bacteria;Krumholzibacteriota	0.0002348037920812421	Bacteria	Krumholzibacteriota	Riverwater	SRR10070131-Riverwater	Riverwater		2023-01-03	8.992	48.5338	Pfäffingen	6.1	495	11.2	8.0	9.7	6.8	3.7	0.5
SRR10070131	Bacteria;Bacteria;Cyanobacteriota	0.009876434504417246	Bacteria	Cyanobacteriota	Riverwater	SRR10070131-Riverwater	Riverwater		2023-01-03	8.992	48.5338	Pfäffingen	6.1	495	11.2	8.0	9.7	6.8	3.7	0.5
SRR10070131	Bacteria;Bacteria;Hydrogenedentota	0.000058700948020310526	Bacteria	Hydrogenedentota	Riverwater	SRR10070131-Riverwater	Riverwater		2023-01-03	8.992	48.5338	Pfäffingen	6.1	495	11.2	8.0	9.7	6.8	3.7	0.5
SRR10070131	Bacteria;Bacteria;Zhuqueibacterota	0.00007337618502538816	Bacteria	Zhuqueibacterota	Riverwater	SRR10070131-Riverwater	Riverwater		2023-01-03	8.992	48.5338	Pfäffingen	6.1	495	11.2	8.0	9.7	6.8	3.7	0.5
SRR10070131	Bacteria;Bacteria;UBA10199	0.00007337618502538816	Bacteria	UBA10199	Riverwater	SRR10070131-Riverwater	Riverwater		2023-01-03	8.992	48.5338	Pfäffingen	6.1	495	11.2	8.0	9.7	6.8	3.7	0.5
SRR10070131	Bacteria;Bacteria;JAUVQV01	0.0002641542660913974	Bacteria	JAUVQV01	Riverwater	SRR10070131-Riverwater	Riverwater		2023-01-03	8.992	48.5338	Pfäffingen	6.1	495	11.2	8.0	9.7	6.8	3.7	0.5
SRR10070131	Bacteria;Bacteria;Fusobacteriota	0.0029350474010155264	Bacteria	Fusobacteriota	Riverwater	SRR10070131-Riverwater	Riverwater		2023-01-03	8.992	48.5338	Pfäffingen	6.1	495	11.2	8.0	9.7	6.8	3.7	0.5
SRR10070131	Archaea;Archaea;Nanobdellota	0.00055765900619295	Archaea	Nanobdellota	Riverwater	SRR10070131-Riverwater	Riverwater		2023-01-03	8.992	48.5338	Pfäffingen	6.1	495	11.2	8.0	9.7	6.8	3.7	0.5
SRR10070131	Bacteria;Bacteria;Babelota	0.0012620703824366764	Bacteria	Babelota	Riverwater	SRR10070131-Riverwater	Riverwater		2023-01-03	8.992	48.5338	Pfäffingen	6.1	495	11.2	8.0	9.7	6.8	3.7	0.5
SRR10070131	Bacteria;Bacteria;Desulfobacterota_D	0.000058700948020310526	Bacteria	Desulfobacterota_D	Riverwater	SRR10070131-Riverwater	Riverwater		2023-01-03	8.992	48.5338	Pfäffingen	6.1	495	11.2	8.0	9.7	6.8	3.7	0.5
SRR10070131	Bacteria;Bacteria;Bdellovibrionota_C	0.000044025711015232896	Bacteria	Bdellovibrionota_C	Riverwater	SRR10070131-Riverwater	Riverwater		2023-01-03	8.992	48.5338	Pfäffingen	6.1	495	11.2	8.0	9.7	6.8	3.7	0.5
SRR10070131	Bacteria;Bacteria;Bdellovibrionota_G	0.0002348037920812421	Bacteria	Bdellovibrionota_G	Riverwater	SRR10070131-Riverwater	Riverwater		2023-01-03	8.992	48.5338	Pfäffingen	6.1	495	11.2	8.0	9.7	6.8	3.7	0.5
SRR10070132	Bacteria;Bacteria;Pseudomonadota	0.6415657513218489	Bacteria	Pseudomonadota	Groundwater	SRR10070132-Groundwater	Groundwater		2023-01-05	8.8919	48.5781	Haslach	10.2	720	2.4	7.2	1.2	18.4	1.1	12.5
SRR10070132	Bacteria;Bacteria;Planctomycetota	0.0010660071635681392	Bacteria	Planctomycetota	Groundwater	SRR10070132-Groundwater	Groundwater		2023-01-05	8.8919	48.5781	Haslach	10.2	720	2.4	7.2	1.2	18.4	1.1	12.5
SRR10070132	Bacteria;Bacteria;Acidobacteriota	0.009764625618284156	Bacteria	Acidobacteriota	Groundwater	SRR10070132-Groundwater	Groundwater		2023-01-05	8.8919	48.5781	Haslach	10.2	720	2.4	7.2	1.2	18.4	1.1	12.5
SRR10070132	Bacteria;Bacteria;Actinomycetota	0.017098754903632954	Bacteria	Actinomycetota	Groundwater	SRR10070132-Groundwater	Groundwater		2023-01-05	8.8919	48.5781	Haslach	10.2	720	2.4	7.2	1.2	18.4	1.1	12.5
SRR10070132	Bacteria;Bacteria;Myxococcota_A	0.0005116834385127068	Bacteria	Myxococcota_A	Groundwater	SRR10070132-Groundwater	Groundwater		2023-01-05	8.8919	48.5781	Haslach	10.2	720	2.4	7.2	1.2	18.4	1.1	12.5
SRR10070132	Bacteria;Bacteria;Bacteroidota	0.011768719085792257	Bacteria	Bacteroidota	Groundwater	SRR10070132-Groundwater	Groundwater		2023-01-05	8.8919	48.5781	Haslach	10.2	720	2.4	7.2	1.2	18.4	1.1	12.5
SRR10070132	Bacteria;Bacteria;Verrucomicrobiota	0.008144294729660584	Bacteria	Verrucomicrobiota	Groundwater	SRR10070132-Groundwater	Groundwater		2023-01-05	8.8919	48.5781	Haslach	10.2	720	2.4	7.2	1.2	18.4	1.1	12.5
SRR10070132	Bacteria;Bacteria;Methylomirabilota	0.0018335323213371994	Bacteria	Methylomirabilota	Groundwater	SRR10070132-Groundwater	Groundwater		2023-01-05	8.8919	48.5781	Haslach	10.2	720	2.4	7.2	1.2	18.4	1.1	12.5
SRR10070132	Bacteria;Bacteria;Fibrobacterota	0.0009380863039399625	Bacteria	Fibrobacterota	Groundwater	SRR10070132-Groundwater	Groundwater		2023-01-05	8.8919	48.5781	Haslach	10.2	720	2.4	7.2	1.2	18.4	1.1	12.5
SRR10070132	Bacteria;Bacteria;Patescibacteriota	0.03441071123997953	Bacteria	Patescibacteriota	Groundwater	SRR10070132-Groundwater	Groundwater		2023-01-05	8.8919	48.5781	Haslach	10.2	720	2.4	7.2	1.2	18.4	1.1	12.5
SRR10070132	;;	0.023963841037011768	Unclassified	Unclassified	Groundwater	SRR10070132-Groundwater	Groundwater		2023-01-05	8.8919	48.5781	Haslach	10.2	720	2.4	7.2	1.2	18.4	1.1	12.5
SRR10070132	Bacteria;Bacteria;Chloroflexota	0.00673716527375064	Bacteria	Chloroflexota	Groundwater	SRR10070132-Groundwater	Groundwater		2023-01-05	8.8919	48.5781	Haslach	10.2	720	2.4	7.2	1.2	18.4	1.1	12.5
SRR10070132	Bacteria;Bacteria;Bacillota	0.01415657513218489	Bacteria	Bacillota	Groundwater	SRR10070132-Groundwater	Groundwater		2023-01-05	8.8919	48.5781	Haslach	10.2	720	2.4	7.2	1.2	18.4	1.1	12.5
SRR10070132	Bacteria;Bacteria;Bdellovibrionota	0.0047757120927852635	Bacteria	Bdellovibrionota	Groundwater	SRR10070132-Groundwater	Groundwater		2023-01-05	8.8919	48.5781	Haslach	10.2	720	2.4	7.2	1.2	18.4	1.1	12.5
SRR10070132	Bacteria;Bacteria;	0.04161691966570016	Bacteria	Unclassified	Groundwater	SRR10070132-Groundwater	Groundwater		2023-01-05	8.8919	48.5781	Haslach	10.2	720	2.4	7.2	1.2	18.4	1.1	12.5
SRR10070132	Bacteria;Bacteria;Desulfobacterota	0.003283302063789869	Bacteria	Desulfobacterota	Groundwater	SRR10070132-Groundwater	Groundwater		2023-01-05	8.8919	48.5781	Haslach	10.2	720	2.4	7.2	1.2	18.4	1.1	12.5
SRR10070132	Bacteria;Bacteria;Elusimicrobiota	0.013516970834044005	Bacteria	Elusimicrobiota	Groundwater	SRR10070132-Groundwater	Groundwater		2023-01-05	8.8919	48.5781	Haslach	10.2	720	2.4	7.2	1.2	18.4	1.1	12.5
SRR10070132	Bacteria;Bacteria;Myxococcota	0.00034112229234180454	Bacteria	Myxococcota	Groundwater	SRR10070132-Groundwater	Groundwater		2023-01-05	8.8919	48.5781	Haslach	10.2	720	2.4	7.2	1.2	18.4	1.1	12.5
SRR10070132	Bacteria;Bacteria;Nitrospirota	0.020637898686679174	Bacteria	Nitrospirota	Groundwater	SRR10070132-Groundwater	Groundwater		2023-01-05	8.8919	48.5781	Haslach	10.2	720	2.4	7.2	1.2	18.4	1.1	12.5
SRR10070132	Archaea;Archaea;Thermoproteota	0.07346921371311615	Archaea	Thermoproteota	Groundwater	SRR10070132-Groundwater	Groundwater		2023-01-05	8.8919	48.5781	Haslach	10.2	720	2.4	7.2	1.2	18.4	1.1	12.5
SRR10070132	Bacteria;Bacteria;Omnitrophota	0.03948490533856387	Bacteria	Omnitrophota	Groundwater	SRR10070132-Groundwater	Groundwater		2023-01-05	8.8919	48.5781	Haslach	10.2	720	2.4	7.2	1.2	18.4	1.1	12.5
SRR10070132	Bacteria;Bacteria;Campylobacterota	0.015521064301552107	Bacteria	Campylobacterota	Groundwater	SRR10070132-Groundwater	Groundwater		2023-01-05	8.8919	48.5781	Haslach	10.2	720	2.4	7.2	1.2	18.4	1.1	12.5
SRR10070132	Bacteria;Bacteria;Eisenbacteria	0.0010660071635681392	Bacteria	Eisenbacteria	Groundwater	SRR10070132-Groundwater	Groundwater		2023-01-05	8.8919	48.5781	Haslach	10.2	720	2.4	7.2	1.2	18.4	1.1	12.5
SRR10070132	Bacteria;Bacteria;Gemmatimonadota	0.006140201262152482	Bacteria	Gemmatimonadota	Groundwater	SRR10070132-Groundwater	Groundwater		2023-01-05	8.8919	48.5781	Haslach	10.2	720	2.4	7.2	1.2	18.4	1.1	12.5
SRR10070132	Bacteria;Bacteria;Cyanobacteriota	0.0023878560463926318	Bacteria	Cyanobacteriota	Groundwater	SRR10070132-Groundwater	Groundwater		2023-01-05	8.8919	48.5781	Haslach	10.2	720	2.4	7.2	1.2	18.4	1.1	12.5
SRR10070132	Bacteria;Bacteria;UBA10199	0.0005543237250554324	Bacteria	UBA10199	Groundwater	SRR10070132-Groundwater	Groundwater		2023-01-05	8.8919	48.5781	Haslach	10.2	720	2.4	7.2	1.2	18.4	1.1	12.5
SRR10070132	Archaea;Archaea;Nanobdellota	0.004050827221558929	Archaea	Nanobdellota	Groundwater	SRR10070132-Groundwater	Groundwater		2023-01-05	8.8919	48.5781	Haslach	10.2	720	2.4	7.2	1.2	18.4	1.1	12.5
SRR10070132	Bacteria;Bacteria;Margulisbacteria	0.0006396042981408835	Bacteria	Margulisbacteria	Groundwater	SRR10070132-Groundwater	Groundwater		2023-01-05	8.8919	48.5781	Haslach	10.2	720	2.4	7.2	1.2	18.4	1.1	12.5
SRR10070132	Archaea;Archaea;	0.00029848200579907897	Archaea	Unclassified	Groundwater	SRR10070132-Groundwater	Groundwater		2023-01-05	8.8919	48.5781	Haslach	10.2	720	2.4	7.2	1.2	18.4	1.1	12.5
SRR10070132	Bacteria;Bacteria;Nitrospinota_A	0.0002558417192563534	Bacteria	Nitrospinota_A	Groundwater	SRR10070132-Groundwater	Groundwater		2023-01-05	8.8919	48.5781	Haslach	10.2	720	2.4	7.2	1.2	18.4	1.1	12.5
SRR10070133	Bacteria;Bacteria;Pseudomonadota	0.5998274733773574	Bacteria	Pseudomonadota	Groundwater	SRR10070133-Groundwater	Groundwater		2023-01-07	8.893	48.5787	Haslach	10.4	745	1.9	7.1	0.9	21.7	0.9	14.0
SRR10070133	Bacteria;Bacteria;Planctomycetota	0.0005205544648700101	Bacteria	Planctomycetota	Groundwater	SRR10070133-Groundwater	Groundwater		2023-01-07	8.893	48.5787	Haslach	10.4	745	1.9	7.1	0.9	21.7	0.9	14.0
SRR10070133	Bacteria;Bacteria;Acidobacteriota	0.010857278838717354	Bacteria	Acidobacteriota	Groundwater	SRR10070133-Groundwater	Groundwater		2023-01-07	8.893	48.5787	Haslach	10.4	745	1.9	7.1	0.9	21.7	0.9	14.0
SRR10070133	Bacteria;Bacteria;Actinomycetota	0.002260693676006901	Bacteria	Actinomycetota	Groundwater	SRR10070133-Groundwater	Groundwater		2023-01-07	8.893	48.5787	Haslach	10.4	745	1.9	7.1	0.9	21.7	0.9	14.0
SRR10070133	Bacteria;Bacteria;Myxococcota_A	0.0004164435718960081	Bacteria	Myxococcota_A	Groundwater	SRR10070133-Groundwater	Groundwater		2023-01-07	8.893	48.5787	Haslach	10.4	745	1.9	7.1	0.9	21.7	0.9	14.0
SRR10070133	Bacteria;Bacteria;Bacteroidota	0.017222916294842048	Bacteria	Bacteroidota	Groundwater	SRR10070133-Groundwater	Groundwater		2023-01-07	8.893	48.5787	Haslach	10.4	745	1.9	7.1	0.9	21.7	0.9	14.0
SRR10070133	Bacteria;Bacteria;Verrucomicrobiota	0.008641204116842167	Bacteria	Verrucomicrobiota	Groundwater	SRR10070133-Groundwater	Groundwater		2023-01-07	8.893	48.5787	Haslach	10.4	745	1.9	7.1	0.9	21.7	0.9	14.0
SRR10070133	Bacteria;Bacteria;Methylomirabilota	0.004655244214408947	Bacteria	Methylomirabilota	Groundwater	SRR10070133-Groundwater	Groundwater		2023-01-07	8.893	48.5787	Haslach	10.4	745	1.9	7.1	0.9	21.7	0.9	14.0
SRR10070133	Bacteria;Bacteria;Fibrobacterota	0.000684157296686299	Bacteria	Fibrobacterota	Groundwater	SRR10070133-Groundwater	Groundwater		2023-01-07	8.893	48.5787	Haslach	10.4	745	1.9	7.1	0.9	21.7	0.9	14.0
SRR10070133	Bacteria;Bacteria;Patescibacteriota	0.026845737402581952	Bacteria	Patescibacteriota	Groundwater	SRR10070133-Groundwater	Groundwater		2023-01-07	8.893	48.5787	Haslach	10.4	745	1.9	7.1	0.9	21.7	0.9	14.0
SRR10070133	;;	0.026221072044737937	Unclassified	Unclassified	Groundwater	SRR10070133-Groundwater	Groundwater		2023-01-07	8.893	48.5787	Haslach	10.4	745	1.9	7.1	0.9	21.7	0.9	14.0
SRR10070133	Bacteria;Bacteria;Chloroflexota	0.0034059134987209235	Bacteria	Chloroflexota	Groundwater	SRR10070133-Groundwater	Groundwater		2023-01-07	8.893	48.5787	Haslach	10.4	745	1.9	7.1	0.9	21.7	0.9	14.0
SRR10070133	Bacteria;Bacteria;Bacillota	0.010054137664346482	Bacteria	Bacillota	Groundwater	SRR10070133-Groundwater	Groundwater		2023-01-07	8.893	48.5787	Haslach	10.4	745	1.9	7.1	0.9	21.7	0.9	14.0
SRR10070133	Bacteria;Bacteria;Bdellovibrionota	0.010381343327979058	Bacteria	Bdellovibrionota	Groundwater	SRR10070133-Groundwater	Groundwater		2023-01-07	8.893	48.5787	Haslach	10.4	745	1.9	7.1	0.9	21.7	0.9	14.0
SRR10070133	Bacteria;Bacteria;	0.03230412279136177	Bacteria	Unclassified	Groundwater	SRR10070133-Groundwater	Groundwater		2023-01-07	8.893	48.5787	Haslach	10.4	745	1.9	7.1	0.9	21.7	0.9	14.0
SRR10070133	Bacteria;Bacteria;Desulfobacterota	0.006157415670176691	Bacteria	Desulfobacterota	Groundwater	SRR10070133-Groundwater	Groundwater		2023-01-07	8.893	48.5787	Haslach	10.4	745	1.9	7.1	0.9	21.7	0.9	14.0
SRR10070133	Bacteria;Bacteria;Elusimicrobiota	0.018992801475400084	Bacteria	Elusimicrobiota	Groundwater	SRR10070133-Groundwater	Groundwater		2023-01-07	8.893	48.5787	Haslach	10.4	745	1.9	7.1	0.9	21.7	0.9	14.0
SRR10070133	Bacteria;Bacteria;Nitrospirota	0.030147540008328873	Bacteria	Nitrospirota	Groundwater	SRR10070133-Groundwater	Groundwater		2023-01-07	8.893	48.5787	Haslach	10.4	745	1.9	7.1	0.9	21.7	0.9	14.0
SRR10070133	Archaea;Archaea;Thermoproteota	0.095291213040633	Archaea	Thermoproteota	Groundwater	SRR10070133-Groundwater	Groundwater		2023-01-07	8.893	48.5787	Haslach	10.4	745	1.9	7.1	0.9	21.7	0.9	14.0
SRR10070133	Bacteria;Bacteria;Omnitrophota	0.07931762746147897	Bacteria	Omnitrophota	Groundwater	SRR10070133-Groundwater	Groundwater		2023-01-07	8.893	48.5787	Haslach	10.4	745	1.9	7.1	0.9	21.7	0.9	14.0
SRR10070133	Bacteria;Bacteria;Campylobacterota	0.0011898387768457374	Bacteria	Campylobacterota	Groundwater	SRR10070133-Groundwater	Groundwater		2023-01-07	8.893	48.5787	Haslach	10.4	745	1.9	7.1	0.9	21.7	0.9	14.0
SRR10070133	Bacteria;Bacteria;Eisenbacteria	0.0009816169908977333	Bacteria	Eisenbacteria	Groundwater	SRR10070133-Groundwater	Groundwater		2023-01-07	8.893	48.5787	Haslach	10.4	745	1.9	7.1	0.9	21.7	0.9	14.0
SRR10070133	Bacteria;Bacteria;Gemmatimonadota	0.005160925694568386	Bacteria	Gemmatimonadota	Groundwater	SRR10070133-Groundwater	Groundwater		2023-01-07	8.893	48.5787	Haslach	10.4	745	1.9	7.1	0.9	21.7	0.9	14.0
SRR10070133	Bacteria;Bacteria;Cyanobacteriota	0.0022904396454280444	Bacteria	Cyanobacteriota	Groundwater	SRR10070133-Groundwater	Groundwater		2023-01-07	8.893	48.5787	Haslach	10.4	745	1.9	7.1	0.9	21.7	0.9	14.0
SRR10070133	Bacteria;Bacteria;UBA10199	0.00014872984710571717	Bacteria	UBA10199	Groundwater	SRR10070133-Groundwater	Groundwater		2023-01-07	8.893	48.5787	Haslach	10.4	745	1.9	7.1	0.9	21.7	0.9	14.0
SRR10070133	Archaea;Archaea;Nanobdellota	0.0034059134987209235	Archaea	Nanobdellota	Groundwater	SRR10070133-Groundwater	Groundwater		2023-01-07	8.893	48.5787	Haslach	10.4	745	1.9	7.1	0.9	21.7	0.9	14.0
SRR10070133	Bacteria;Bacteria;Margulisbacteria	0.0009667440061871616	Bacteria	Margulisbacteria	Groundwater	SRR10070133-Groundwater	Groundwater		2023-01-07	8.893	48.5787	Haslach	10.4	745	1.9	7.1	0.9	21.7	0.9	14.0
SRR10070133	Archaea;Archaea;	0.0008775060979237313	Archaea	Unclassified	Groundwater	SRR10070133-Groundwater	Groundwater		2023-01-07	8.893	48.5787	Haslach	10.4	745	1.9	7.1	0.9	21.7	0.9	14.0
SRR10070133	Bacteria;Bacteria;Nitrospinota_A	0.0007733952049497294	Bacteria	Nitrospinota_A	Groundwater	SRR10070133-Groundwater	Groundwater		2023-01-07	8.893	48.5787	Haslach	10.4	745	1.9	7.1	0.9	21.7	0.9	14.0
SRR10070134	Bacteria;Bacteria;Pseudomonadota	0.5792381256368391	Bacteria	Pseudomonadota	Riverwater	SRR10070134-Riverwater	Riverwater		2023-01-09	9.015	48.54	Unterjesingen	5.4	466	12.0	8.2	7.2	5.7	3.1	0.8
SRR10070134	Bacteria;Bacteria;Planctomycetota	0.0026148765606393556	Bacteria	Planctomycetota	Riverwater	SRR10070134-Riverwater	Riverwater		2023-01-09	9.015	48.54	Unterjesingen	5.4	466	12.0	8.2	7.2	5.7	3.1	0.8
SRR10070134	Bacteria;Bacteria;Acidobacteriota	0.005180647458168113	Bacteria	Acidobacteriota	Riverwater	SRR10070134-Riverwater	Riverwater		2023-01-09	9.015	48.54	Unterjesingen	5.4	466	12.0	8.2	7.2	5.7	3.1	0.8
SRR10070134	Bacteria;Bacteria;Actinomycetota	0.016880071694268143	Bacteria	Actinomycetota	Riverwater	SRR10070134-Riverwater	Riverwater		2023-01-09	9.015	48.54	Unterjesingen	5.4	466	12.0	8.2	7.2	5.7	3.1	0.8
SRR10070134	Bacteria;Bacteria;Myxococcota_A	0.004591379500840934	Bacteria	Myxococcota_A	Riverwater	SRR10070134-Riverwater	Riverwater		2023-01-09	9.015	48.54	Unterjesingen	5.4	466	12.0	8.2	7.2	5.7	3.1	0.8
SRR10070134	Bacteria;Bacteria;Bacteroidota	0.20977939280847563	Bacteria	Bacteroidota	Riverwater	SRR10070134-Riverwater	Riverwater		2023-01-09	9.015	48.54	Unterjesingen	5.4	466	12.0	8.2	7.2	5.7	3.1	0.8
SRR10070134	Bacteria;Bacteria;Verrucomicrobiota	0.01050861190566802	Bacteria	Verrucomicrobiota	Riverwater	SRR10070134-Riverwater	Riverwater		2023-01-09	9.015	48.54	Unterjesingen	5.4	466	12.0	8.2	7.2	5.7	3.1	0.8
SRR10070134	Bacteria;Bacteria;Methylomirabilota	0.0005401622942165805	Bacteria	Methylomirabilota	Riverwater	SRR10070134-Riverwater	Riverwater		2023-01-09	9.015	48.54	Unterjesingen	5.4	466	12.0	8.2	7.2	5.7	3.1	0.8
SRR10070134	Bacteria;Bacteria;Fibrobacterota	0.0029095105393029453	Bacteria	Fibrobacterota	Riverwater	SRR10070134-Riverwater	Riverwater		2023-01-09	9.015	48.54	Unterjesingen	5.4	466	12.0	8.2	7.2	5.7	3.1	0.8
SRR10070134	Bacteria;Bacteria;Patescibacteriota	0.043802251494653624	Bacteria	Patescibacteriota	Riverwater	SRR10070134-Riverwater	Riverwater		2023-01-09	9.015	48.54	Unterjesingen	5.4	466	12.0	8.2	7.2	5.7	3.1	0.8
SRR10070134	;;	0.003130486023300637	Unclassified	Unclassified	Riverwater	SRR10070134-Riverwater	Riverwater		2023-01-09	9.015	48.54	Unterjesingen	5.4	466	12.0	8.2	7.2	5.7	3.1	0.8
SRR10070134	Bacteria;Bacteria;Chloroflexota	0.0025657708975287577	Bacteria	Chloroflexota	Riverwater	SRR10070134-Riverwater	Riverwater		2023-01-09	9.015	48.54	Unterjesingen	5.4	466	12.0	8.2	7.2	5.7	3.1	0.8
SRR10070134	Bacteria;Bacteria;Bacillota	0.0063100777097118725	Bacteria	Bacillota	Riverwater	SRR10070134-Riverwater	Riverwater		2023-01-09	9.015	48.54	Unterjesingen	5.4	466	12.0	8.2	7.2	5.7	3.1	0.8
SRR10070134	Bacteria;Bacteria;Bdellovibrionota	0.009342352406791312	Bacteria	Bdellovibrionota	Riverwater	SRR10070134-Riverwater	Riverwater		2023-01-09	9.015	48.54	Unterjesingen	5.4	466	12.0	8.2	7.2	5.7	3.1	0.8
SRR10070134	Bacteria;Bacteria;	0.04936346784192887	Bacteria	Unclassified	Riverwater	SRR10070134-Riverwater	Riverwater		2023-01-09	9.015	48.54	Unterjesingen	5.4	466	12.0	8.2	7.2	5.7	3.1	0.8
SRR10070134	Bacteria;Bacteria;Desulfobacterota	0.0022588605030875184	Bacteria	Desulfobacterota	Riverwater	SRR10070134-Riverwater	Riverwater		2023-01-09	9.015	48.54	Unterjesingen	5.4	466	12.0	8.2	7.2	5.7	3.1	0.8
SRR10070134	Bacteria;Bacteria;Elusimicrobiota	0.0006015443731048284	Bacteria	Elusimicrobiota	Riverwater	SRR10070134-Riverwater	Riverwater		2023-01-09	9.015	48.54	Unterjesingen	5.4	466	12.0	8.2	7.2	5.7	3.1	0.8
SRR10070134	Bacteria;Bacteria;Myxococcota	0.00222203125575457	Bacteria	Myxococcota	Riverwater	SRR10070134-Riverwater	Riverwater		2023-01-09	9.015	48.54	Unterjesingen	5.4	466	12.0	8.2	7.2	5.7	3.1	0.8
SRR10070134	Bacteria;Bacteria;Nitrospirota	0.0014363406459849983	Bacteria	Nitrospirota	Riverwater	SRR10070134-Riverwater	Riverwater		2023-01-09	9.015	48.54	Unterjesingen	5.4	466	12.0	8.2	7.2	5.7	3.1	0.8
SRR10070134	Archaea;Archaea;Thermoproteota	0.001166259498876708	Archaea	Thermoproteota	Riverwater	SRR10070134-Riverwater	Riverwater		2023-01-09	9.015	48.54	Unterjesingen	5.4	466	12.0	8.2	7.2	5.7	3.1	0.8
SRR10070134	Bacteria;Bacteria;Bdellovibrionota_B	0.0010680481726555115	Bacteria	Bdellovibrionota_B	Riverwater	SRR10070134-Riverwater	Riverwater		2023-01-09	9.015	48.54	Unterjesingen	5.4	466	12.0	8.2	7.2	5.7	3.1	0.8
SRR10070134	Bacteria;Bacteria;Omnitrophota	0.00637145978860012	Bacteria	Omnitrophota	Riverwater	SRR10070134-Riverwater	Riverwater		2023-01-09	9.015	48.54	Unterjesingen	5.4	466	12.0	8.2	7.2	5.7	3.1	0.8
SRR10070134	Bacteria;Bacteria;Campylobacterota	0.02380397019286249	Bacteria	Campylobacterota	Riverwater	SRR10070134-Riverwater	Riverwater		2023-01-09	9.015	48.54	Unterjesingen	5.4	466	12.0	8.2	7.2	5.7	3.1	0.8
SRR10070134	Bacteria;Bacteria;Zixibacteria	0.00006138207888824778	Bacteria	Zixibacteria	Riverwater	SRR10070134-Riverwater	Riverwater		2023-01-09	9.015	48.54	Unterjesingen	5.4	466	12.0	8.2	7.2	5.7	3.1	0.8
SRR10070134	Bacteria;Bacteria;Eisenbacteria	0.0008102434413248708	Bacteria	Eisenbacteria	Riverwater	SRR10070134-Riverwater	Riverwater		2023-01-09	9.015	48.54	Unterjesingen	5.4	466	12.0	8.2	7.2	5.7	3.1	0.8
SRR10070134	Bacteria;Bacteria;Gemmatimonadota	0.0004419509679953841	Bacteria	Gemmatimonadota	Riverwater	SRR10070134-Riverwater	Riverwater		2023-01-09	9.015	48.54	Unterjesingen	5.4	466	12.0	8.2	7.2	5.7	3.1	0.8
SRR10070134	Bacteria;Bacteria;Krumholzibacteriota	0.0003682924733294867	Bacteria	Krumholzibacteriota	Riverwater	SRR10070134-Riverwater	Riverwater		2023-01-09	9.015	48.54	Unterjesingen	5.4	466	12.0	8.2	7.2	5.7	3.1	0.8
SRR10070134	Bacteria;Bacteria;Cyanobacteriota	0.007820076850362769	Bacteria	Cyanobacteriota	Riverwater	SRR10070134-Riverwater	Riverwater		2023-01-09	9.015	48.54	Unterjesingen	5.4	466	12.0	8.2	7.2	5.7	3.1	0.8
SRR10070134	Bacteria;Bacteria;Spirochaetota	0.00009821132622119646	Bacteria	Spirochaetota	Riverwater	SRR10070134-Riverwater	Riverwater		2023-01-09	9.015	48.54	Unterjesingen	5.4	466	12.0	8.2	7.2	5.7	3.1	0.8
SRR10070134	Bacteria;Bacteria;Hydrogenedentota	0.00019642265244239292	Bacteria	Hydrogenedentota	Riverwater	SRR10070134-Riverwater	Riverwater		2023-01-09	9.015	48.54	Unterjesingen	5.4	466	12.0	8.2	7.2	5.7	3.1	0.8
SRR10070134	Bacteria;Bacteria;Fusobacteriota	0.0028112992130817486	Bacteria	Fusobacteriota	Riverwater	SRR10070134-Riverwater	Riverwater		2023-01-09	9.015	48.54	Unterjesingen	5.4	466	12.0	8.2	7.2	5.7	3.1	0.8
SRR10070134	Archaea;Archaea;Nanobdellota	0.0005156094626612815	Archaea	Nanobdellota	Riverwater	SRR10070134-Riverwater	Riverwater		2023-01-09	9.015	48.54	Unterjesingen	5.4	466	12.0	8.2	7.2	5.7	3.1	0.8
SRR10070134	Bacteria;Bacteria;Babelota	0.0008225198571025203	Bacteria	Babelota	Riverwater	SRR10070134-Riverwater	Riverwater		2023-01-09	9.015	48.54	Unterjesingen	5.4	466	12.0	8.2	7.2	5.7	3.1	0.8
SRR10070134	Bacteria;Bacteria;Desulfobacterota_D	0.000024552831555299114	Bacteria	Desulfobacterota_D	Riverwater	SRR10070134-Riverwater	Riverwater		2023-01-09	9.015	48.54	Unterjesingen	5.4	466	12.0	8.2	7.2	5.7	3.1	0.8
SRR10070134	Bacteria;Bacteria;Bdellovibrionota_C	0.00018414623666474335	Bacteria	Bdellovibrionota_C	Riverwater	SRR10070134-Riverwater	Riverwater		2023-01-09	9.015	48.54	Unterjesingen	5.4	466	12.0	8.2	7.2	5.7	3.1	0.8
SRR10070134	Bacteria;Bacteria;Bdellovibrionota_G	0.00015959340510944426	Bacteria	Bdellovibrionota_G	Riverwater	SRR10070134-Riverwater	Riverwater		2023-01-09	9.015	48.54	Unterjesingen	5.4	466	12.0	8.2	7.2	5.7	3.1	0.8
SRR10070141	Bacteria;Bacteria;Pseudomonadota	0.6295574041618326	Bacteria	Pseudomonadota	Groundwater	SRR10070141-Groundwater	Groundwater		2023-01-11	9.0083	48.5497	Entringen	10.1	705	2.8	7.3	1.5	16.9	1.3	9.8
SRR10070141	Bacteria;Bacteria;Planctomycetota	0.003283058922268026	Bacteria	Planctomycetota	Groundwater	SRR10070141-Groundwater	Groundwater		2023-01-11	9.0083	48.5497	Entringen	10.1	705	2.8	7.3	1.5	16.9	1.3	9.8
SRR10070141	Bacteria;Bacteria;Acidobacteriota	0.01755078867468095	Bacteria	Acidobacteriota	Groundwater	SRR10070141-Groundwater	Groundwater		2023-01-11	9.0083	48.5497	Entringen	10.1	705	2.8	7.3	1.5	16.9	1.3	9.8
SRR10070141	Bacteria;Bacteria;Actinomycetota	0.011898003011527733	Bacteria	Actinomycetota	Groundwater	SRR10070141-Groundwater	Groundwater		2023-01-11	9.0083	48.5497	Entringen	10.1	705	2.8	7.3	1.5	16.9	1.3	9.8
SRR10070141	Bacteria;Bacteria;Myxococcota_A	0.0025918886228431786	Bacteria	Myxococcota_A	Groundwater	SRR10070141-Groundwater	Groundwater		2023-01-11	9.0083	48.5497	Entringen	10.1	705	2.8	7.3	1.5	16.9	1.3	9.8
SRR10070141	Bacteria;Bacteria;Bacteroidota	0.01565007035126262	Bacteria	Bacteroidota	Groundwater	SRR10070141-Groundwater	Groundwater		2023-01-11	9.0083	48.5497	Entringen	10.1	705	2.8	7.3	1.5	16.9	1.3	9.8
SRR10070141	Bacteria;Bacteria;Verrucomicrobiota	0.012342326775443706	Bacteria	Verrucomicrobiota	Groundwater	SRR10070141-Groundwater	Groundwater		2023-01-11	9.0083	48.5497	Entringen	10.1	705	2.8	7.3	1.5	16.9	1.3	9.8
SRR10070141	Bacteria;Bacteria;Methylomirabilota	0.013897459949149614	Bacteria	Methylomirabilota	Groundwater	SRR10070141-Groundwater	Groundwater		2023-01-11	9.0083	48.5497	Entringen	10.1	705	2.8	7.3	1.5	16.9	1.3	9.8
SRR10070141	Bacteria;Bacteria;Fibrobacterota	0.0005183777245686357	Bacteria	Fibrobacterota	Groundwater	SRR10070141-Groundwater	Groundwater		2023-01-11	9.0083	48.5497	Entringen	10.1	705	2.8	7.3	1.5	16.9	1.3	9.8
SRR10070141	Bacteria;Bacteria;Patescibacteriota	0.0354965318061761	Bacteria	Patescibacteriota	Groundwater	SRR10070141-Groundwater	Groundwater		2023-01-11	9.0083	48.5497	Entringen	10.1	705	2.8	7.3	1.5	16.9	1.3	9.8
SRR10070141	;;	0.015896916886771494	Unclassified	Unclassified	Groundwater	SRR10070141-Groundwater	Groundwater		2023-01-11	9.0083	48.5497	Entringen	10.1	705	2.8	7.3	1.5	16.9	1.3	9.8
SRR10070141	Bacteria;Bacteria;Chloroflexota	0.00486287674952482	Bacteria	Chloroflexota	Groundwater	SRR10070141-Groundwater	Groundwater		2023-01-11	9.0083	48.5497	Entringen	10.1	705	2.8	7.3	1.5	16.9	1.3	9.8
SRR10070141	Bacteria;Bacteria;Bacillota	0.001801979709214781	Bacteria	Bacillota	Groundwater	SRR10070141-Groundwater	Groundwater		2023-01-11	9.0083	48.5497	Entringen	10.1	705	2.8	7.3	1.5	16.9	1.3	9.8
SRR10070141	Bacteria;Bacteria;Bdellovibrionota	0.00409765248944731	Bacteria	Bdellovibrionota	Groundwater	SRR10070141-Groundwater	Groundwater		2023-01-11	9.0083	48.5497	Entringen	10.1	705	2.8	7.3	1.5	16.9	1.3	9.8
SRR10070141	Bacteria;Bacteria;	0.018093851052800473	Bacteria	Unclassified	Groundwater	SRR10070141-Groundwater	Groundwater		2023-01-11	9.0083	48.5497	Entringen	10.1	705	2.8	7.3	1.5	16.9	1.3	9.8
SRR10070141	Bacteria;Bacteria;Desulfobacterota	0.006368640616128953	Bacteria	Desulfobacterota	Groundwater	SRR10070141-Groundwater	Groundwater		2023-01-11	9.0083	48.5497	Entringen	10.1	705	2.8	7.3	1.5	16.9	1.3	9.8
SRR10070141	Bacteria;Bacteria;Elusimicrobiota	0.011527733208264421	Bacteria	Elusimicrobiota	Groundwater	SRR10070141-Groundwater	Groundwater		2023-01-11	9.0083	48.5497	Entringen	10.1	705	2.8	7.3	1.5	16.9	1.3	9.8
SRR10070141	Bacteria;Bacteria;Nitrospirota	0.025894201574880895	Bacteria	Nitrospirota	Groundwater	SRR10070141-Groundwater	Groundwater		2023-01-11	9.0083	48.5497	Entringen	10.1	705	2.8	7.3	1.5	16.9	1.3	9.8
SRR10070141	Archaea;Archaea;Thermoproteota	0.090987632988571	Archaea	Thermoproteota	Groundwater	SRR10070141-Groundwater	Groundwater		2023-01-11	9.0083	48.5497	Entringen	10.1	705	2.8	7.3	1.5	16.9	1.3	9.8
SRR10070141	Bacteria;Bacteria;Omnitrophota	0.06497000814593568	Bacteria	Omnitrophota	Groundwater	SRR10070141-Groundwater	Groundwater		2023-01-11	9.0083	48.5497	Entringen	10.1	705	2.8	7.3	1.5	16.9	1.3	9.8
SRR10070141	Bacteria;Bacteria;Campylobacterota	0.0014070252524005825	Bacteria	Campylobacterota	Groundwater	SRR10070141-Groundwater	Groundwater		2023-01-11	9.0083	48.5497	Entringen	10.1	705	2.8	7.3	1.5	16.9	1.3	9.8
SRR10070141	Bacteria;Bacteria;Eisenbacteria	0.0009627014884846092	Bacteria	Eisenbacteria	Groundwater	SRR10070141-Groundwater	Groundwater		2023-01-11	9.0083	48.5497	Entringen	10.1	705	2.8	7.3	1.5	16.9	1.3	9.8
SRR10070141	Bacteria;Bacteria;Gemmatimonadota	0.004122337142998198	Bacteria	Gemmatimonadota	Groundwater	SRR10070141-Groundwater	Groundwater		2023-01-11	9.0083	48.5497	Entringen	10.1	705	2.8	7.3	1.5	16.9	1.3	9.8
SRR10070141	Bacteria;Bacteria;Cyanobacteriota	0.0022956727802325295	Bacteria	Cyanobacteriota	Groundwater	SRR10070141-Groundwater	Groundwater		2023-01-11	9.0083	48.5497	Entringen	10.1	705	2.8	7.3	1.5	16.9	1.3	9.8
SRR10070141	Bacteria;Bacteria;UBA10199	0.0001727925748562119	Bacteria	UBA10199	Groundwater	SRR10070141-Groundwater	Groundwater		2023-01-11	9.0083	48.5497	Entringen	10.1	705	2.8	7.3	1.5	16.9	1.3	9.8
SRR10070141	Bacteria;Bacteria;JAUVQV01	0.00022216188195798672	Bacteria	JAUVQV01	Groundwater	SRR10070141-Groundwater	Groundwater		2023-01-11	9.0083	48.5497	Entringen	10.1	705	2.8	7.3	1.5	16.9	1.3	9.8
SRR10070141	Archaea;Archaea;Nanobdellota	0.002345042087334304	Archaea	Nanobdellota	Groundwater	SRR10070141-Groundwater	Groundwater		2023-01-11	9.0083	48.5497	Entringen	10.1	705	2.8	7.3	1.5	16.9	1.3	9.8
SRR10070141	Bacteria;Bacteria;Margulisbacteria	0.0005924316852212979	Bacteria	Margulisbacteria	Groundwater	SRR10070141-Groundwater	Groundwater		2023-01-11	9.0083	48.5497	Entringen	10.1	705	2.8	7.3	1.5	16.9	1.3	9.8
SRR10070141	Archaea;Archaea;	0.0003949544568141986	Archaea	Unclassified	Groundwater	SRR10070141-Groundwater	Groundwater		2023-01-11	9.0083	48.5497	Entringen	10.1	705	2.8	7.3	1.5	16.9	1.3	9.8
SRR10070141	Bacteria;Bacteria;Nitrospinota_A	0.0001974772284070993	Bacteria	Nitrospinota_A	Groundwater	SRR10070141-Groundwater	Groundwater		2023-01-11	9.0083	48.5497	Entringen	10.1	705	2.8	7.3	1.5	16.9	1.3	9.8
SRR10070149	Bacteria;Bacteria;Pseudomonadota	0.19514741631864366	Bacteria	Pseudomonadota	Sediment	SRR10070149-Sediment		Sediment	2023-01-13	8.9911	48.5328	Pfäffingen	7.3	910	0.8	7.0	42.5	1.4	12.8	0.3
SRR10070149	Bacteria;Bacteria;Planctomycetota	0.020460637037960482	Bacteria	Planctomycetota	Sediment	SRR10070149-Sediment		Sediment	2023-01-13	8.9911	48.5328	Pfäffingen	7.3	910	0.8	7.0	42.5	1.4	12.8	0.3
SRR10070149	Bacteria;Bacteria;Acidobacteriota	0.1270959296889609	Bacteria	Acidobacteriota	Sediment	SRR10070149-Sediment		Sediment	2023-01-13	8.9911	48.5328	Pfäffingen	7.3	910	0.8	7.0	42.5	1.4	12.8	0.3
SRR10070149	Bacteria;Bacteria;Actinomycetota	0.025088823786074924	Bacteria	Actinomycetota	Sediment	SRR10070149-Sediment		Sediment	2023-01-13	8.9911	48.5328	Pfäffingen	7.3	910	0.8	7.0	42.5	1.4	12.8	0.3
SRR10070149	Bacteria;Bacteria;Myxococcota_A	0.022891603814747866	Bacteria	Myxococcota_A	Sediment	SRR10070149-Sediment		Sediment	2023-01-13	8.9911	48.5328	Pfäffingen	7.3	910	0.8	7.0	42.5	1.4	12.8	0.3
SRR10070149	Bacteria;Bacteria;Bacteroidota	0.04099918967774107	Bacteria	Bacteroidota	Sediment	SRR10070149-Sediment		Sediment	2023-01-13	8.9911	48.5328	Pfäffingen	7.3	910	0.8	7.0	42.5	1.4	12.8	0.3
SRR10070149	Bacteria;Bacteria;Verrucomicrobiota	0.031244156329863493	Bacteria	Verrucomicrobiota	Sediment	SRR10070149-Sediment		Sediment	2023-01-13	8.9911	48.5328	Pfäffingen	7.3	910	0.8	7.0	42.5	1.4	12.8	0.3
SRR10070149	Bacteria;Bacteria;Methylomirabilota	0.035217852022689025	Bacteria	Methylomirabilota	Sediment	SRR10070149-Sediment		Sediment	2023-01-13	8.9911	48.5328	Pfäffingen	7.3	910	0.8	7.0	42.5	1.4	12.8	0.3
SRR10070149	Bacteria;Bacteria;Fibrobacterota	0.0001558312036402169	Bacteria	Fibrobacterota	Sediment	SRR10070149-Sediment		Sediment	2023-01-13	8.9911	48.5328	Pfäffingen	7.3	910	0.8	7.0	42.5	1.4	12.8	0.3
SRR10070149	Bacteria;Bacteria;Patescibacteriota	0.002571214860063579	Bacteria	Patescibacteriota	Sediment	SRR10070149-Sediment		Sediment	2023-01-13	8.9911	48.5328	Pfäffingen	7.3	910	0.8	7.0	42.5	1.4	12.8	0.3
SRR10070149	;;	0.037181325188555756	Unclassified	Unclassified	Sediment	SRR10070149-Sediment		Sediment	2023-01-13	8.9911	48.5328	Pfäffingen	7.3	910	0.8	7.0	42.5	1.4	12.8	0.3
SRR10070149	Bacteria;Bacteria;Chloroflexota	0.08770180140871409	Bacteria	Chloroflexota	Sediment	SRR10070149-Sediment		Sediment	2023-01-13	8.9911	48.5328	Pfäffingen	7.3	910	0.8	7.0	42.5	1.4	12.8	0.3
SRR10070149	Bacteria;Bacteria;Bacillota	0.008461634357663778	Bacteria	Bacillota	Sediment	SRR10070149-Sediment		Sediment	2023-01-13	8.9911	48.5328	Pfäffingen	7.3	910	0.8	7.0	42.5	1.4	12.8	0.3
SRR10070149	Archaea;Archaea;Halobacteriota	0.0011219846662095618	Archaea	Halobacteriota	Sediment	SRR10070149-Sediment		Sediment	2023-01-13	8.9911	48.5328	Pfäffingen	7.3	910	0.8	7.0	42.5	1.4	12.8	0.3
SRR10070149	Bacteria;Bacteria;	0.057423798541419935	Bacteria	Unclassified	Sediment	SRR10070149-Sediment		Sediment	2023-01-13	8.9911	48.5328	Pfäffingen	7.3	910	0.8	7.0	42.5	1.4	12.8	0.3
SRR10070149	Bacteria;Bacteria;Desulfobacterota	0.15815308857445615	Bacteria	Desulfobacterota	Sediment	SRR10070149-Sediment		Sediment	2023-01-13	8.9911	48.5328	Pfäffingen	7.3	910	0.8	7.0	42.5	1.4	12.8	0.3
SRR10070149	Bacteria;Bacteria;Myxococcota	0.0023686342953312973	Bacteria	Myxococcota	Sediment	SRR10070149-Sediment		Sediment	2023-01-13	8.9911	48.5328	Pfäffingen	7.3	910	0.8	7.0	42.5	1.4	12.8	0.3
SRR10070149	Bacteria;Bacteria;Nitrospirota	0.06931371937916848	Bacteria	Nitrospirota	Sediment	SRR10070149-Sediment		Sediment	2023-01-13	8.9911	48.5328	Pfäffingen	7.3	910	0.8	7.0	42.5	1.4	12.8	0.3
SRR10070149	Archaea;Archaea;Thermoproteota	0.008820046126036277	Archaea	Thermoproteota	Sediment	SRR10070149-Sediment		Sediment	2023-01-13	8.9911	48.5328	Pfäffingen	7.3	910	0.8	7.0	42.5	1.4	12.8	0.3
SRR10070149	Bacteria;Bacteria;Omnitrophota	0.0011219846662095618	Bacteria	Omnitrophota	Sediment	SRR10070149-Sediment		Sediment	2023-01-13	8.9911	48.5328	Pfäffingen	7.3	910	0.8	7.0	42.5	1.4	12.8	0.3
SRR10070149	Bacteria;Bacteria;Campylobacterota	0.000607741694196846	Bacteria	Campylobacterota	Sediment	SRR10070149-Sediment		Sediment	2023-01-13	8.9911	48.5328	Pfäffingen	7.3	910	0.8	7.0	42.5	1.4	12.8	0.3
SRR10070149	Bacteria;Bacteria;Zixibacteria	0.007433148413638347	Bacteria	Zixibacteria	Sediment	SRR10070149-Sediment		Sediment	2023-01-13	8.9911	48.5328	Pfäffingen	7.3	910	0.8	7.0	42.5	1.4	12.8	0.3
SRR10070149	Bacteria;Bacteria;Eisenbacteria	0.01586361653057408	Bacteria	Eisenbacteria	Sediment	SRR10070149-Sediment		Sediment	2023-01-13	8.9911	48.5328	Pfäffingen	7.3	910	0.8	7.0	42.5	1.4	12.8	0.3
SRR10070149	Bacteria;Bacteria;Gemmatimonadota	0.009505703422053232	Bacteria	Gemmatimonadota	Sediment	SRR10070149-Sediment		Sediment	2023-01-13	8.9911	48.5328	Pfäffingen	7.3	910	0.8	7.0	42.5	1.4	12.8	0.3
SRR10070149	Bacteria;Bacteria;Krumholzibacteriota	0.00958361902387334	Bacteria	Krumholzibacteriota	Sediment	SRR10070149-Sediment		Sediment	2023-01-13	8.9911	48.5328	Pfäffingen	7.3	910	0.8	7.0	42.5	1.4	12.8	0.3
SRR10070149	Bacteria;Bacteria;Orphanbacterota	0.0010440690643894533	Bacteria	Orphanbacterota	Sediment	SRR10070149-Sediment		Sediment	2023-01-13	8.9911	48.5328	Pfäffingen	7.3	910	0.8	7.0	42.5	1.4	12.8	0.3
SRR10070149	Bacteria;Bacteria;Armatimonadota	0.002680296702611731	Bacteria	Armatimonadota	Sediment	SRR10070149-Sediment		Sediment	2023-01-13	8.9911	48.5328	Pfäffingen	7.3	910	0.8	7.0	42.5	1.4	12.8	0.3
SRR10070149	Bacteria;Bacteria;Spirochaetota	0.0084772174780278	Bacteria	Spirochaetota	Sediment	SRR10070149-Sediment		Sediment	2023-01-13	8.9911	48.5328	Pfäffingen	7.3	910	0.8	7.0	42.5	1.4	12.8	0.3
SRR10070149	Bacteria;Bacteria;Hydrogenedentota	0.0009505703422053232	Bacteria	Hydrogenedentota	Sediment	SRR10070149-Sediment		Sediment	2023-01-13	8.9911	48.5328	Pfäffingen	7.3	910	0.8	7.0	42.5	1.4	12.8	0.3
SRR10070149	Bacteria;Bacteria;Zhuqueibacterota	0.0005765754534688026	Bacteria	Zhuqueibacterota	Sediment	SRR10070149-Sediment		Sediment	2023-01-13	8.9911	48.5328	Pfäffingen	7.3	910	0.8	7.0	42.5	1.4	12.8	0.3
SRR10070149	Bacteria;Bacteria;JAJVIF01	0.000405161129464564	Bacteria	JAJVIF01	Sediment	SRR10070149-Sediment		Sediment	2023-01-13	8.9911	48.5328	Pfäffingen	7.3	910	0.8	7.0	42.5	1.4	12.8	0.3
SRR10070149	Bacteria;Bacteria;UBA10199	0.0009505703422053232	Bacteria	UBA10199	Sediment	SRR10070149-Sediment		Sediment	2023-01-13	8.9911	48.5328	Pfäffingen	7.3	910	0.8	7.0	42.5	1.4	12.8	0.3
SRR10070149	Bacteria;Bacteria;JAUVQV01	0.0015738951567661908	Bacteria	JAUVQV01	Sediment	SRR10070149-Sediment		Sediment	2023-01-13	8.9911	48.5328	Pfäffingen	7.3	910	0.8	7.0	42.5	1.4	12.8	0.3
SRR10070149	Bacteria;Bacteria;Bipolaricaulota	0.0003272455276444555	Bacteria	Bipolaricaulota	Sediment	SRR10070149-Sediment		Sediment	2023-01-13	8.9911	48.5328	Pfäffingen	7.3	910	0.8	7.0	42.5	1.4	12.8	0.3
SRR10070149	Archaea;Archaea;Nanobdellota	0.0001714143240042386	Archaea	Nanobdellota	Sediment	SRR10070149-Sediment		Sediment	2023-01-13	8.9911	48.5328	Pfäffingen	7.3	910	0.8	7.0	42.5	1.4	12.8	0.3
SRR10070149	Bacteria;Bacteria;4484-113	0.0009038209811132581	Bacteria	4484-113	Sediment	SRR10070149-Sediment		Sediment	2023-01-13	8.9911	48.5328	Pfäffingen	7.3	910	0.8	7.0	42.5	1.4	12.8	0.3
SRR10070149	Bacteria;Bacteria;Desulfobacterota_D	0.0031945396746244467	Bacteria	Desulfobacterota_D	Sediment	SRR10070149-Sediment		Sediment	2023-01-13	8.9911	48.5328	Pfäffingen	7.3	910	0.8	7.0	42.5	1.4	12.8	0.3
SRR10070149	Bacteria;Bacteria;Moduliflexota	0.00024932992582434705	Bacteria	Moduliflexota	Sediment	SRR10070149-Sediment		Sediment	2023-01-13	8.9911	48.5328	Pfäffingen	7.3	910	0.8	7.0	42.5	1.4	12.8	0.3
SRR10070149	Bacteria;Bacteria;Electryoneota	0.0003428286480084772	Bacteria	Electryoneota	Sediment	SRR10070149-Sediment		Sediment	2023-01-13	8.9911	48.5328	Pfäffingen	7.3	910	0.8	7.0	42.5	1.4	12.8	0.3
SRR10070149	Bacteria;Bacteria;Oederibacteriota	0.0004986598516486941	Bacteria	Oederibacteriota	Sediment	SRR10070149-Sediment		Sediment	2023-01-13	8.9911	48.5328	Pfäffingen	7.3	910	0.8	7.0	42.5	1.4	12.8	0.3
SRR10070149	Bacteria;Bacteria;Calditrichota	0.001059652184753475	Bacteria	Calditrichota	Sediment	SRR10070149-Sediment		Sediment	2023-01-13	8.9911	48.5328	Pfäffingen	7.3	910	0.8	7.0	42.5	1.4	12.8	0.3
SRR10070149	Bacteria;Bacteria;Synergistota	0.00014024808327619523	Bacteria	Synergistota	Sediment	SRR10070149-Sediment		Sediment	2023-01-13	8.9911	48.5328	Pfäffingen	7.3	910	0.8	7.0	42.5	1.4	12.8	0.3
SRR10070149	Bacteria;Bacteria;Vulcanimicrobiota	0.00007791560182010845	Bacteria	Vulcanimicrobiota	Sediment	SRR10070149-Sediment		Sediment	2023-01-13	8.9911	48.5328	Pfäffingen	7.3	910	0.8	7.0	42.5	1.4	12.8	0.3
SRR10070149	Bacteria;Bacteria;ARS69	0.00046749361092065074	Bacteria	ARS69	Sediment	SRR10070149-Sediment		Sediment	2023-01-13	8.9911	48.5328	Pfäffingen	7.3	910	0.8	7.0	42.5	1.4	12.8	0.3
SRR10070149	Archaea;Archaea;Asgardarchaeota	0.0003739948887365206	Archaea	Asgardarchaeota	Sediment	SRR10070149-Sediment		Sediment	2023-01-13	8.9911	48.5328	Pfäffingen	7.3	910	0.8	7.0	42.5	1.4	12.8	0.3
SRR10070150	Bacteria;Bacteria;Pseudomonadota	0.20564785016381085	Bacteria	Pseudomonadota	Sediment	SRR10070150-Sediment		Sediment	2023-01-15	8.992	48.5325	Pfäffingen	7.6	965	0.5	6.9	51.3	0.9	14.6	0.3
SRR10070150	Bacteria;Bacteria;Planctomycetota	0.020875010872401498	Bacteria	Planctomycetota	Sediment	SRR10070150-Sediment		Sediment	2023-01-15	8.992	48.5325	Pfäffingen	7.6	965	0.5	6.9	51.3	0.9	14.6	0.3
SRR10070150	Bacteria;Bacteria;Acidobacteriota	0.12516308602244064	Bacteria	Acidobacteriota	Sediment	SRR10070150-Sediment		Sediment	2023-01-15	8.992	48.5325	Pfäffingen	7.6	965	0.5	6.9	51.3	0.9	14.6	0.3
SRR10070150	Bacteria;Bacteria;Actinomycetota	0.0193383781276275	Bacteria	Actinomycetota	Sediment	SRR10070150-Sediment		Sediment	2023-01-15	8.992	48.5325	Pfäffingen	7.6	965	0.5	6.9	51.3	0.9	14.6	0.3
SRR10070150	Bacteria;Bacteria;Myxococcota_A	0.01914992316836276	Bacteria	Myxococcota_A	Sediment	SRR10070150-Sediment		Sediment	2023-01-15	8.992	48.5325	Pfäffingen	7.6	965	0.5	6.9	51.3	0.9	14.6	0.3
SRR10070150	Bacteria;Bacteria;Bacteroidota	0.049955060740483025	Bacteria	Bacteroidota	Sediment	SRR10070150-Sediment		Sediment	2023-01-15	8.992	48.5325	Pfäffingen	7.6	965	0.5	6.9	51.3	0.9	14.6	0.3
SRR10070150	Bacteria;Bacteria;Verrucomicrobiota	0.027311472558058623	Bacteria	Verrucomicrobiota	Sediment	SRR10070150-Sediment		Sediment	2023-01-15	8.992	48.5325	Pfäffingen	7.6	965	0.5	6.9	51.3	0.9	14.6	0.3
SRR10070150	Bacteria;Bacteria;Methylomirabilota	0.027659389405931982	Bacteria	Methylomirabilota	Sediment	SRR10070150-Sediment		Sediment	2023-01-15	8.992	48.5325	Pfäffingen	7.6	965	0.5	6.9	51.3	0.9	14.6	0.3
SRR10070150	Bacteria;Bacteria;Patescibacteriota	0.0033052100547969034	Bacteria	Patescibacteriota	Sediment	SRR10070150-Sediment		Sediment	2023-01-15	8.992	48.5325	Pfäffingen	7.6	965	0.5	6.9	51.3	0.9	14.6	0.3
SRR10070150	;;	0.03899568003247224	Unclassified	Unclassified	Sediment	SRR10070150-Sediment		Sediment	2023-01-15	8.992	48.5325	Pfäffingen	7.6	965	0.5	6.9	51.3	0.9	14.6	0.3
SRR10070150	Bacteria;Bacteria;Chloroflexota	0.08868980313705024	Bacteria	Chloroflexota	Sediment	SRR10070150-Sediment		Sediment	2023-01-15	8.992	48.5325	Pfäffingen	7.6	965	0.5	6.9	51.3	0.9	14.6	0.3
SRR10070150	Bacteria;Bacteria;Bacillota	0.00971267866979792	Bacteria	Bacillota	Sediment	SRR10070150-Sediment		Sediment	2023-01-15	8.992	48.5325	Pfäffingen	7.6	965	0.5	6.9	51.3	0.9	14.6	0.3
SRR10070150	Bacteria;Bacteria;Bdellovibrionota	0.000057986141312226376	Bacteria	Bdellovibrionota	Sediment	SRR10070150-Sediment		Sediment	2023-01-15	8.992	48.5325	Pfäffingen	7.6	965	0.5	6.9	51.3	0.9	14.6	0.3
SRR10070150	Archaea;Archaea;Halobacteriota	0.0017685773100229046	Archaea	Halobacteriota	Sediment	SRR10070150-Sediment		Sediment	2023-01-15	8.992	48.5325	Pfäffingen	7.6	965	0.5	6.9	51.3	0.9	14.6	0.3
SRR10070150	Bacteria;Bacteria;	0.055028848105302834	Bacteria	Unclassified	Sediment	SRR10070150-Sediment		Sediment	2023-01-15	8.992	48.5325	Pfäffingen	7.6	965	0.5	6.9	51.3	0.9	14.6	0.3
SRR10070150	Bacteria;Bacteria;Desulfobacterota	0.1558957409179206	Bacteria	Desulfobacterota	Sediment	SRR10070150-Sediment		Sediment	2023-01-15	8.992	48.5325	Pfäffingen	7.6	965	0.5	6.9	51.3	0.9	14.6	0.3
SRR10070150	Bacteria;Bacteria;Myxococcota	0.0025803832883940737	Bacteria	Myxococcota	Sediment	SRR10070150-Sediment		Sediment	2023-01-15	8.992	48.5325	Pfäffingen	7.6	965	0.5	6.9	51.3	0.9	14.6	0.3
SRR10070150	Bacteria;Bacteria;Nitrospirota	0.07040967208837087	Bacteria	Nitrospirota	Sediment	SRR10070150-Sediment		Sediment	2023-01-15	8.992	48.5325	Pfäffingen	7.6	965	0.5	6.9	51.3	0.9	14.6	0.3
SRR10070150	Archaea;Archaea;Thermoproteota	0.008147052854367806	Archaea	Thermoproteota	Sediment	SRR10070150-Sediment		Sediment	2023-01-15	8.992	48.5325	Pfäffingen	7.6	965	0.5	6.9	51.3	0.9	14.6	0.3
SRR10070150	Bacteria;Bacteria;Omnitrophota	0.0014206604621495463	Bacteria	Omnitrophota	Sediment	SRR10070150-Sediment		Sediment	2023-01-15	8.992	48.5325	Pfäffingen	7.6	965	0.5	6.9	51.3	0.9	14.6	0.3
SRR10070150	Bacteria;Bacteria;Campylobacterota	0.0003189237772172451	Bacteria	Campylobacterota	Sediment	SRR10070150-Sediment		Sediment	2023-01-15	8.992	48.5325	Pfäffingen	7.6	965	0.5	6.9	51.3	0.9	14.6	0.3
SRR10070150	Bacteria;Bacteria;Zixibacteria	0.009901133629062654	Bacteria	Zixibacteria	Sediment	SRR10070150-Sediment		Sediment	2023-01-15	8.992	48.5325	Pfäffingen	7.6	965	0.5	6.9	51.3	0.9	14.6	0.3
SRR10070150	Bacteria;Bacteria;Eisenbacteria	0.014206604621495462	Bacteria	Eisenbacteria	Sediment	SRR10070150-Sediment		Sediment	2023-01-15	8.992	48.5325	Pfäffingen	7.6	965	0.5	6.9	51.3	0.9	14.6	0.3
SRR10070150	Bacteria;Bacteria;Gemmatimonadota	0.008973355368067032	Bacteria	Gemmatimonadota	Sediment	SRR10070150-Sediment		Sediment	2023-01-15	8.992	48.5325	Pfäffingen	7.6	965	0.5	6.9	51.3	0.9	14.6	0.3
SRR10070150	Bacteria;Bacteria;Krumholzibacteriota	0.010524484648169087	Bacteria	Krumholzibacteriota	Sediment	SRR10070150-Sediment		Sediment	2023-01-15	8.992	48.5325	Pfäffingen	7.6	965	0.5	6.9	51.3	0.9	14.6	0.3
SRR10070150	Bacteria;Bacteria;Orphanbacterota	0.0009132817256675655	Bacteria	Orphanbacterota	Sediment	SRR10070150-Sediment		Sediment	2023-01-15	8.992	48.5325	Pfäffingen	7.6	965	0.5	6.9	51.3	0.9	14.6	0.3
SRR10070150	Bacteria;Bacteria;Armatimonadota	0.002609376359050187	Bacteria	Armatimonadota	Sediment	SRR10070150-Sediment		Sediment	2023-01-15	8.992	48.5325	Pfäffingen	7.6	965	0.5	6.9	51.3	0.9	14.6	0.3
SRR10070150	Bacteria;Bacteria;Spirochaetota	0.00740772955263692	Bacteria	Spirochaetota	Sediment	SRR10070150-Sediment		Sediment	2023-01-15	8.992	48.5325	Pfäffingen	7.6	965	0.5	6.9	51.3	0.9	14.6	0.3
SRR10070150	Bacteria;Bacteria;Hydrogenedentota	0.001246702038212867	Bacteria	Hydrogenedentota	Sediment	SRR10070150-Sediment		Sediment	2023-01-15	8.992	48.5325	Pfäffingen	7.6	965	0.5	6.9	51.3	0.9	14.6	0.3
SRR10070150	Bacteria;Bacteria;Zhuqueibacterota	0.0002899307065611319	Bacteria	Zhuqueibacterota	Sediment	SRR10070150-Sediment		Sediment	2023-01-15	8.992	48.5325	Pfäffingen	7.6	965	0.5	6.9	51.3	0.9	14.6	0.3
SRR10070150	Bacteria;Bacteria;JAJVIF01	0.0004928822011539242	Bacteria	JAJVIF01	Sediment	SRR10070150-Sediment		Sediment	2023-01-15	8.992	48.5325	Pfäffingen	7.6	965	0.5	6.9	51.3	0.9	14.6	0.3
SRR10070150	Bacteria;Bacteria;UBA10199	0.0013771708561653765	Bacteria	UBA10199	Sediment	SRR10070150-Sediment		Sediment	2023-01-15	8.992	48.5325	Pfäffingen	7.6	965	0.5	6.9	51.3	0.9	14.6	0.3
SRR10070150	Bacteria;Bacteria;JAUVQV01	0.0013481777855092632	Bacteria	JAUVQV01	Sediment	SRR10070150-Sediment		Sediment	2023-01-15	8.992	48.5325	Pfäffingen	7.6	965	0.5	6.9	51.3	0.9	14.6	0.3
SRR10070150	Bacteria;Bacteria;Bipolaricaulota	0.00017395842393667913	Bacteria	Bipolaricaulota	Sediment	SRR10070150-Sediment		Sediment	2023-01-15	8.992	48.5325	Pfäffingen	7.6	965	0.5	6.9	51.3	0.9	14.6	0.3
SRR10070150	Archaea;Archaea;Nanobdellota	0.000536371807138094	Archaea	Nanobdellota	Sediment	SRR10070150-Sediment		Sediment	2023-01-15	8.992	48.5325	Pfäffingen	7.6	965	0.5	6.9	51.3	0.9	14.6	0.3
SRR10070150	Bacteria;Bacteria;4484-113	0.0013336812501812067	Bacteria	4484-113	Sediment	SRR10070150-Sediment		Sediment	2023-01-15	8.992	48.5325	Pfäffingen	7.6	965	0.5	6.9	51.3	0.9	14.6	0.3
SRR10070150	Bacteria;Bacteria;Desulfobacterota_D	0.0045809051636658835	Bacteria	Desulfobacterota_D	Sediment	SRR10070150-Sediment		Sediment	2023-01-15	8.992	48.5325	Pfäffingen	7.6	965	0.5	6.9	51.3	0.9	14.6	0.3
SRR10070150	Bacteria;Bacteria;Moduliflexota	0.00018845495926473574	Bacteria	Moduliflexota	Sediment	SRR10070150-Sediment		Sediment	2023-01-15	8.992	48.5325	Pfäffingen	7.6	965	0.5	6.9	51.3	0.9	14.6	0.3
SRR10070150	Bacteria;Bacteria;Electryoneota	0.00018845495926473574	Bacteria	Electryoneota	Sediment	SRR10070150-Sediment		Sediment	2023-01-15	8.992	48.5325	Pfäffingen	7.6	965	0.5	6.9	51.3	0.9	14.6	0.3
SRR10070150	Bacteria;Bacteria;Oederibacteriota	0.0002899307065611319	Bacteria	Oederibacteriota	Sediment	SRR10070150-Sediment		Sediment	2023-01-15	8.992	48.5325	Pfäffingen	7.6	965	0.5	6.9	51.3	0.9	14.6	0.3
SRR10070150	Bacteria;Bacteria;Calditrichota	0.0011307297555884143	Bacteria	Calditrichota	Sediment	SRR10070150-Sediment		Sediment	2023-01-15	8.992	48.5325	Pfäffingen	7.6	965	0.5	6.9	51.3	0.9	14.6	0.3
SRR10070150	Bacteria;Bacteria;Synergistota	0.00017395842393667913	Bacteria	Synergistota	Sediment	SRR10070150-Sediment		Sediment	2023-01-15	8.992	48.5325	Pfäffingen	7.6	965	0.5	6.9	51.3	0.9	14.6	0.3
SRR10070150	Bacteria;Bacteria;Vulcanimicrobiota	0.00020295149459279233	Bacteria	Vulcanimicrobiota	Sediment	SRR10070150-Sediment		Sediment	2023-01-15	8.992	48.5325	Pfäffingen	7.6	965	0.5	6.9	51.3	0.9	14.6	0.3
SRR10070150	Bacteria;Bacteria;ARS69	0.0002899307065611319	Bacteria	ARS69	Sediment	SRR10070150-Sediment		Sediment	2023-01-15	8.992	48.5325	Pfäffingen	7.6	965	0.5	6.9	51.3	0.9	14.6	0.3
SRR10070150	Archaea;Archaea;Asgardarchaeota	0.00018845495926473574	Archaea	Asgardarchaeota	Sediment	SRR10070150-Sediment		Sediment	2023-01-15	8.992	48.5325	Pfäffingen	7.6	965	0.5	6.9	51.3	0.9	14.6	0.3
SRR10070151	Bacteria;Bacteria;Pseudomonadota	0.20759551890666578	Bacteria	Pseudomonadota	Sediment	SRR10070151-Sediment		Sediment	2023-01-17	9.015	48.5397	Unterjesingen	7.1	880	1.1	7.1	38.7	1.8	11.2	0.4
SRR10070151	Bacteria;Bacteria;Planctomycetota	0.018610992476756794	Bacteria	Planctomycetota	Sediment	SRR10070151-Sediment		Sediment	2023-01-17	9.015	48.5397	Unterjesingen	7.1	880	1.1	7.1	38.7	1.8	11.2	0.4
SRR10070151	Bacteria;Bacteria;Acidobacteriota	0.1296527481191892	Bacteria	Acidobacteriota	Sediment	SRR10070151-Sediment		Sediment	2023-01-17	9.015	48.5397	Unterjesingen	7.1	880	1.1	7.1	38.7	1.8	11.2	0.4
SRR10070151	Bacteria;Bacteria;Actinomycetota	0.011005617792962975	Bacteria	Actinomycetota	Sediment	SRR10070151-Sediment		Sediment	2023-01-17	9.015	48.5397	Unterjesingen	7.1	880	1.1	7.1	38.7	1.8	11.2	0.4
SRR10070151	Bacteria;Bacteria;Myxococcota_A	0.020352179769374815	Bacteria	Myxococcota_A	Sediment	SRR10070151-Sediment		Sediment	2023-01-17	9.015	48.5397	Unterjesingen	7.1	880	1.1	7.1	38.7	1.8	11.2	0.4
SRR10070151	Bacteria;Bacteria;Bacteroidota	0.0559643877919774	Bacteria	Bacteroidota	Sediment	SRR10070151-Sediment		Sediment	2023-01-17	9.015	48.5397	Unterjesingen	7.1	880	1.1	7.1	38.7	1.8	11.2	0.4
SRR10070151	Bacteria;Bacteria;Verrucomicrobiota	0.02661059824567167	Bacteria	Verrucomicrobiota	Sediment	SRR10070151-Sediment		Sediment	2023-01-17	9.015	48.5397	Unterjesingen	7.1	880	1.1	7.1	38.7	1.8	11.2	0.4
SRR10070151	Bacteria;Bacteria;Methylomirabilota	0.028663885147343866	Bacteria	Methylomirabilota	Sediment	SRR10070151-Sediment		Sediment	2023-01-17	9.015	48.5397	Unterjesingen	7.1	880	1.1	7.1	38.7	1.8	11.2	0.4
SRR10070151	Bacteria;Bacteria;Patescibacteriota	0.0029238805479812084	Bacteria	Patescibacteriota	Sediment	SRR10070151-Sediment		Sediment	2023-01-17	9.015	48.5397	Unterjesingen	7.1	880	1.1	7.1	38.7	1.8	11.2	0.4
SRR10070151	;;	0.025822136075429547	Unclassified	Unclassified	Sediment	SRR10070151-Sediment		Sediment	2023-01-17	9.015	48.5397	Unterjesingen	7.1	880	1.1	7.1	38.7	1.8	11.2	0.4
SRR10070151	Bacteria;Bacteria;Chloroflexota	0.08053812543119025	Bacteria	Chloroflexota	Sediment	SRR10070151-Sediment		Sediment	2023-01-17	9.015	48.5397	Unterjesingen	7.1	880	1.1	7.1	38.7	1.8	11.2	0.4
SRR10070151	Bacteria;Bacteria;Bacillota	0.0045008048884654555	Bacteria	Bacillota	Sediment	SRR10070151-Sediment		Sediment	2023-01-17	9.015	48.5397	Unterjesingen	7.1	880	1.1	7.1	38.7	1.8	11.2	0.4
SRR10070151	Bacteria;Bacteria;Bdellovibrionota	0.0004106573803344394	Bacteria	Bdellovibrionota	Sediment	SRR10070151-Sediment		Sediment	2023-01-17	9.015	48.5397	Unterjesingen	7.1	880	1.1	7.1	38.7	1.8	11.2	0.4
SRR10070151	Archaea;Archaea;Halobacteriota	0.001314103617070206	Archaea	Halobacteriota	Sediment	SRR10070151-Sediment		Sediment	2023-01-17	9.015	48.5397	Unterjesingen	7.1	880	1.1	7.1	38.7	1.8	11.2	0.4
SRR10070151	Bacteria;Bacteria;	0.052531292092381485	Bacteria	Unclassified	Sediment	SRR10070151-Sediment		Sediment	2023-01-17	9.015	48.5397	Unterjesingen	7.1	880	1.1	7.1	38.7	1.8	11.2	0.4
SRR10070151	Bacteria;Bacteria;Desulfobacterota	0.16932225105949605	Bacteria	Desulfobacterota	Sediment	SRR10070151-Sediment		Sediment	2023-01-17	9.015	48.5397	Unterjesingen	7.1	880	1.1	7.1	38.7	1.8	11.2	0.4
SRR10070151	Bacteria;Bacteria;Elusimicrobiota	0.00008213147606688787	Bacteria	Elusimicrobiota	Sediment	SRR10070151-Sediment		Sediment	2023-01-17	9.015	48.5397	Unterjesingen	7.1	880	1.1	7.1	38.7	1.8	11.2	0.4
SRR10070151	Bacteria;Bacteria;Myxococcota	0.0016919084069778902	Bacteria	Myxococcota	Sediment	SRR10070151-Sediment		Sediment	2023-01-17	9.015	48.5397	Unterjesingen	7.1	880	1.1	7.1	38.7	1.8	11.2	0.4
SRR10070151	Bacteria;Bacteria;Nitrospirota	0.07879693813857222	Bacteria	Nitrospirota	Sediment	SRR10070151-Sediment		Sediment	2023-01-17	9.015	48.5397	Unterjesingen	7.1	880	1.1	7.1	38.7	1.8	11.2	0.4
SRR10070151	Archaea;Archaea;Thermoproteota	0.003958737146423996	Archaea	Thermoproteota	Sediment	SRR10070151-Sediment		Sediment	2023-01-17	9.015	48.5397	Unterjesingen	7.1	880	1.1	7.1	38.7	1.8	11.2	0.4
SRR10070151	Bacteria;Bacteria;Omnitrophota	0.0015276454548441144	Bacteria	Omnitrophota	Sediment	SRR10070151-Sediment		Sediment	2023-01-17	9.015	48.5397	Unterjesingen	7.1	880	1.1	7.1	38.7	1.8	11.2	0.4
SRR10070151	Bacteria;Bacteria;Campylobacterota	0.001116988074509675	Bacteria	Campylobacterota	Sediment	SRR10070151-Sediment		Sediment	2023-01-17	9.015	48.5397	Unterjesingen	7.1	880	1.1	7.1	38.7	1.8	11.2	0.4
SRR10070151	Bacteria;Bacteria;Zixibacteria	0.012221163638752915	Bacteria	Zixibacteria	Sediment	SRR10070151-Sediment		Sediment	2023-01-17	9.015	48.5397	Unterjesingen	7.1	880	1.1	7.1	38.7	1.8	11.2	0.4
SRR10070151	Bacteria;Bacteria;Eisenbacteria	0.01613062189953678	Bacteria	Eisenbacteria	Sediment	SRR10070151-Sediment		Sediment	2023-01-17	9.015	48.5397	Unterjesingen	7.1	880	1.1	7.1	38.7	1.8	11.2	0.4
SRR10070151	Bacteria;Bacteria;Gemmatimonadota	0.010217155622720851	Bacteria	Gemmatimonadota	Sediment	SRR10070151-Sediment		Sediment	2023-01-17	9.015	48.5397	Unterjesingen	7.1	880	1.1	7.1	38.7	1.8	11.2	0.4
SRR10070151	Bacteria;Bacteria;Krumholzibacteriota	0.011761227372778344	Bacteria	Krumholzibacteriota	Sediment	SRR10070151-Sediment		Sediment	2023-01-17	9.015	48.5397	Unterjesingen	7.1	880	1.1	7.1	38.7	1.8	11.2	0.4
SRR10070151	Bacteria;Bacteria;Orphanbacterota	0.0012483984362166958	Bacteria	Orphanbacterota	Sediment	SRR10070151-Sediment		Sediment	2023-01-17	9.015	48.5397	Unterjesingen	7.1	880	1.1	7.1	38.7	1.8	11.2	0.4
SRR10070151	Bacteria;Bacteria;Armatimonadota	0.0031867012713952497	Bacteria	Armatimonadota	Sediment	SRR10070151-Sediment		Sediment	2023-01-17	9.015	48.5397	Unterjesingen	7.1	880	1.1	7.1	38.7	1.8	11.2	0.4
SRR10070151	Bacteria;Bacteria;Spirochaetota	0.00832813167318243	Bacteria	Spirochaetota	Sediment	SRR10070151-Sediment		Sediment	2023-01-17	9.015	48.5397	Unterjesingen	7.1	880	1.1	7.1	38.7	1.8	11.2	0.4
SRR10070151	Bacteria;Bacteria;Hydrogenedentota	0.0013305299122835835	Bacteria	Hydrogenedentota	Sediment	SRR10070151-Sediment		Sediment	2023-01-17	9.015	48.5397	Unterjesingen	7.1	880	1.1	7.1	38.7	1.8	11.2	0.4
SRR10070151	Bacteria;Bacteria;Zhuqueibacterota	0.0007227569893886133	Bacteria	Zhuqueibacterota	Sediment	SRR10070151-Sediment		Sediment	2023-01-17	9.015	48.5397	Unterjesingen	7.1	880	1.1	7.1	38.7	1.8	11.2	0.4
SRR10070151	Bacteria;Bacteria;JAJVIF01	0.00044350997076119455	Bacteria	JAJVIF01	Sediment	SRR10070151-Sediment		Sediment	2023-01-17	9.015	48.5397	Unterjesingen	7.1	880	1.1	7.1	38.7	1.8	11.2	0.4
SRR10070151	Bacteria;Bacteria;UBA10199	0.0017411872926180229	Bacteria	UBA10199	Sediment	SRR10070151-Sediment		Sediment	2023-01-17	9.015	48.5397	Unterjesingen	7.1	880	1.1	7.1	38.7	1.8	11.2	0.4
SRR10070151	Bacteria;Bacteria;JAUVQV01	0.0016919084069778902	Bacteria	JAUVQV01	Sediment	SRR10070151-Sediment		Sediment	2023-01-17	9.015	48.5397	Unterjesingen	7.1	880	1.1	7.1	38.7	1.8	11.2	0.4
SRR10070151	Bacteria;Bacteria;Bipolaricaulota	0.00034495219948092905	Bacteria	Bipolaricaulota	Sediment	SRR10070151-Sediment		Sediment	2023-01-17	9.015	48.5397	Unterjesingen	7.1	880	1.1	7.1	38.7	1.8	11.2	0.4
SRR10070151	Archaea;Archaea;Nanobdellota	0.0004599362659745721	Archaea	Nanobdellota	Sediment	SRR10070151-Sediment		Sediment	2023-01-17	9.015	48.5397	Unterjesingen	7.1	880	1.1	7.1	38.7	1.8	11.2	0.4
SRR10070151	Bacteria;Bacteria;4484-113	0.0014455139787772266	Bacteria	4484-113	Sediment	SRR10070151-Sediment		Sediment	2023-01-17	9.015	48.5397	Unterjesingen	7.1	880	1.1	7.1	38.7	1.8	11.2	0.4
SRR10070151	Bacteria;Bacteria;Desulfobacterota_D	0.0029567331384079635	Bacteria	Desulfobacterota_D	Sediment	SRR10070151-Sediment		Sediment	2023-01-17	9.015	48.5397	Unterjesingen	7.1	880	1.1	7.1	38.7	1.8	11.2	0.4
SRR10070151	Bacteria;Bacteria;Moduliflexota	0.00027924701862741877	Bacteria	Moduliflexota	Sediment	SRR10070151-Sediment		Sediment	2023-01-17	9.015	48.5397	Unterjesingen	7.1	880	1.1	7.1	38.7	1.8	11.2	0.4
SRR10070151	Bacteria;Bacteria;Electryoneota	0.0003778047899076842	Bacteria	Electryoneota	Sediment	SRR10070151-Sediment		Sediment	2023-01-17	9.015	48.5397	Unterjesingen	7.1	880	1.1	7.1	38.7	1.8	11.2	0.4
SRR10070151	Bacteria;Bacteria;Oederibacteriota	0.00018068924734715333	Bacteria	Oederibacteriota	Sediment	SRR10070151-Sediment		Sediment	2023-01-17	9.015	48.5397	Unterjesingen	7.1	880	1.1	7.1	38.7	1.8	11.2	0.4
SRR10070151	Bacteria;Bacteria;Calditrichota	0.0007884621702421235	Bacteria	Calditrichota	Sediment	SRR10070151-Sediment		Sediment	2023-01-17	9.015	48.5397	Unterjesingen	7.1	880	1.1	7.1	38.7	1.8	11.2	0.4
SRR10070151	Bacteria;Bacteria;Synergistota	0.00029567331384079633	Bacteria	Synergistota	Sediment	SRR10070151-Sediment		Sediment	2023-01-17	9.015	48.5397	Unterjesingen	7.1	880	1.1	7.1	38.7	1.8	11.2	0.4
SRR10070151	Bacteria;Bacteria;Vulcanimicrobiota	0.00021354183777390847	Bacteria	Vulcanimicrobiota	Sediment	SRR10070151-Sediment		Sediment	2023-01-17	9.015	48.5397	Unterjesingen	7.1	880	1.1	7.1	38.7	1.8	11.2	0.4
SRR10070151	Bacteria;Bacteria;ARS69	0.0004106573803344394	Bacteria	ARS69	Sediment	SRR10070151-Sediment		Sediment	2023-01-17	9.015	48.5397	Unterjesingen	7.1	880	1.1	7.1	38.7	1.8	11.2	0.4
SRR10070151	Archaea;Archaea;Asgardarchaeota	0.00022996813298728605	Archaea	Asgardarchaeota	Sediment	SRR10070151-Sediment		Sediment	2023-01-17	9.015	48.5397	Unterjesingen	7.1	880	1.1	7.1	38.7	1.8	11.2	0.4
SRR10102392	Bacteria;Bacteria;Pseudomonadota	0.20090533479159073	Bacteria	Pseudomonadota	Soil	SRR10102392-Soil		Soil	2023-01-19	9.0103	48.5586	Poltringen	3.4	310	6.9	6.3	22.1	24.6	18.4	0.2
SRR10102392	Bacteria;Bacteria;Planctomycetota	0.016845910803256776	Bacteria	Planctomycetota	Soil	SRR10102392-Soil		Soil	2023-01-19	9.0103	48.5586	Poltringen	3.4	310	6.9	6.3	22.1	24.6	18.4	0.2
SRR10102392	Bacteria;Bacteria;Acidobacteriota	0.2693826710414388	Bacteria	Acidobacteriota	Soil	SRR10102392-Soil		Soil	2023-01-19	9.0103	48.5586	Poltringen	3.4	310	6.9	6.3	22.1	24.6	18.4	0.2
SRR10102392	Bacteria;Bacteria;Actinomycetota	0.09474115931461903	Bacteria	Actinomycetota	Soil	SRR10102392-Soil		Soil	2023-01-19	9.0103	48.5586	Poltringen	3.4	310	6.9	6.3	22.1	24.6	18.4	0.2
SRR10102392	Bacteria;Bacteria;Myxococcota_A	0.006182403694252036	Bacteria	Myxococcota_A	Soil	SRR10102392-Soil		Soil	2023-01-19	9.0103	48.5586	Poltringen	3.4	310	6.9	6.3	22.1	24.6	18.4	0.2
SRR10102392	Bacteria;Bacteria;Bacteroidota	0.042107181917608455	Bacteria	Bacteroidota	Soil	SRR10102392-Soil		Soil	2023-01-19	9.0103	48.5586	Poltringen	3.4	310	6.9	6.3	22.1	24.6	18.4	0.2
SRR10102392	Bacteria;Bacteria;Verrucomicrobiota	0.09645764977518533	Bacteria	Verrucomicrobiota	Soil	SRR10102392-Soil		Soil	2023-01-19	9.0103	48.5586	Poltringen	3.4	310	6.9	6.3	22.1	24.6	18.4	0.2
SRR10102392	Bacteria;Bacteria;Methylomirabilota	0.006729250212662535	Bacteria	Methylomirabilota	Soil	SRR10102392-Soil		Soil	2023-01-19	9.0103	48.5586	Poltringen	3.4	310	6.9	6.3	22.1	24.6	18.4	0.2
SRR10102392	Bacteria;Bacteria;Patescibacteriota	0.002764612954186414	Bacteria	Patescibacteriota	Soil	SRR10102392-Soil		Soil	2023-01-19	9.0103	48.5586	Poltringen	3.4	310	6.9	6.3	22.1	24.6	18.4	0.2
SRR10102392	;;	0.10470591809454369	Unclassified	Unclassified	Soil	SRR10102392-Soil		Soil	2023-01-19	9.0103	48.5586	Poltringen	3.4	310	6.9	6.3	22.1	24.6	18.4	0.2
SRR10102392	Bacteria;Bacteria;Chloroflexota	0.028405638595212054	Bacteria	Chloroflexota	Soil	SRR10102392-Soil		Soil	2023-01-19	9.0103	48.5586	Poltringen	3.4	310	6.9	6.3	22.1	24.6	18.4	0.2
SRR10102392	Bacteria;Bacteria;Bacillota	0.0229219832300401	Bacteria	Bacillota	Soil	SRR10102392-Soil		Soil	2023-01-19	9.0103	48.5586	Poltringen	3.4	310	6.9	6.3	22.1	24.6	18.4	0.2
SRR10102392	Bacteria;Bacteria;	0.02518532020901689	Bacteria	Unclassified	Soil	SRR10102392-Soil		Soil	2023-01-19	9.0103	48.5586	Poltringen	3.4	310	6.9	6.3	22.1	24.6	18.4	0.2
SRR10102392	Bacteria;Bacteria;Desulfobacterota	0.01119516344634828	Bacteria	Desulfobacterota	Soil	SRR10102392-Soil		Soil	2023-01-19	9.0103	48.5586	Poltringen	3.4	310	6.9	6.3	22.1	24.6	18.4	0.2
SRR10102392	Bacteria;Bacteria;Myxococcota	0.003919066715275246	Bacteria	Myxococcota	Soil	SRR10102392-Soil		Soil	2023-01-19	9.0103	48.5586	Poltringen	3.4	310	6.9	6.3	22.1	24.6	18.4	0.2
SRR10102392	Bacteria;Bacteria;Nitrospirota	0.004253250698748329	Bacteria	Nitrospirota	Soil	SRR10102392-Soil		Soil	2023-01-19	9.0103	48.5586	Poltringen	3.4	310	6.9	6.3	22.1	24.6	18.4	0.2
SRR10102392	Archaea;Archaea;Thermoproteota	0.04329201604083121	Archaea	Thermoproteota	Soil	SRR10102392-Soil		Soil	2023-01-19	9.0103	48.5586	Poltringen	3.4	310	6.9	6.3	22.1	24.6	18.4	0.2
SRR10102392	Bacteria;Bacteria;Eisenbacteria	0.002293717341110706	Bacteria	Eisenbacteria	Soil	SRR10102392-Soil		Soil	2023-01-19	9.0103	48.5586	Poltringen	3.4	310	6.9	6.3	22.1	24.6	18.4	0.2
SRR10102392	Bacteria;Bacteria;Gemmatimonadota	0.010040709685259448	Bacteria	Gemmatimonadota	Soil	SRR10102392-Soil		Soil	2023-01-19	9.0103	48.5586	Poltringen	3.4	310	6.9	6.3	22.1	24.6	18.4	0.2
SRR10102392	Bacteria;Bacteria;Krumholzibacteriota	0.00041013488880787456	Bacteria	Krumholzibacteriota	Soil	SRR10102392-Soil		Soil	2023-01-19	9.0103	48.5586	Poltringen	3.4	310	6.9	6.3	22.1	24.6	18.4	0.2
SRR10102392	Bacteria;Bacteria;Cyanobacteriota	0.0019747235387045812	Bacteria	Cyanobacteriota	Soil	SRR10102392-Soil		Soil	2023-01-19	9.0103	48.5586	Poltringen	3.4	310	6.9	6.3	22.1	24.6	18.4	0.2
SRR10102392	Bacteria;Bacteria;Armatimonadota	0.0034026005589986633	Bacteria	Armatimonadota	Soil	SRR10102392-Soil		Soil	2023-01-19	9.0103	48.5586	Poltringen	3.4	310	6.9	6.3	22.1	24.6	18.4	0.2
SRR10102392	Bacteria;Bacteria;UBA10199	0.0003038036213391664	Bacteria	UBA10199	Soil	SRR10102392-Soil		Soil	2023-01-19	9.0103	48.5586	Poltringen	3.4	310	6.9	6.3	22.1	24.6	18.4	0.2
SRR10102392	Bacteria;Bacteria;Tectomicrobia	0.0009721715882853323	Bacteria	Tectomicrobia	Soil	SRR10102392-Soil		Soil	2023-01-19	9.0103	48.5586	Poltringen	3.4	310	6.9	6.3	22.1	24.6	18.4	0.2
SRR10102392	Bacteria;Bacteria;Sumerlaeota	0.0003493741645400413	Bacteria	Sumerlaeota	Soil	SRR10102392-Soil		Soil	2023-01-19	9.0103	48.5586	Poltringen	3.4	310	6.9	6.3	22.1	24.6	18.4	0.2
SRR10102392	Archaea;Archaea;Methanobacteriota	0.00025823307813829143	Archaea	Methanobacteriota	Soil	SRR10102392-Soil		Soil	2023-01-19	9.0103	48.5586	Poltringen	3.4	310	6.9	6.3	22.1	24.6	18.4	0.2
SRR10102393	Bacteria;Bacteria;Pseudomonadota	0.19303694017652828	Bacteria	Pseudomonadota	Soil	SRR10102393-Soil		Soil	2023-01-21	9.011	48.5592	Poltringen	3.1	295	7.2	6.1	25.8	27.9	21.2	0.2
SRR10102393	Bacteria;Bacteria;Planctomycetota	0.016835567178816607	Bacteria	Planctomycetota	Soil	SRR10102393-Soil		Soil	2023-01-21	9.011	48.5592	Poltringen	3.1	295	7.2	6.1	25.8	27.9	21.2	0.2
SRR10102393	Bacteria;Bacteria;Acidobacteriota	0.23306908575787294	Bacteria	Acidobacteriota	Soil	SRR10102393-Soil		Soil	2023-01-21	9.011	48.5592	Poltringen	3.1	295	7.2	6.1	25.8	27.9	21.2	0.2
SRR10102393	Bacteria;Bacteria;Actinomycetota	0.0998556173041299	Bacteria	Actinomycetota	Soil	SRR10102393-Soil		Soil	2023-01-21	9.011	48.5592	Poltringen	3.1	295	7.2	6.1	25.8	27.9	21.2	0.2
SRR10102393	Bacteria;Bacteria;Myxococcota_A	0.005530129672006103	Bacteria	Myxococcota_A	Soil	SRR10102393-Soil		Soil	2023-01-21	9.011	48.5592	Poltringen	3.1	295	7.2	6.1	25.8	27.9	21.2	0.2
SRR10102393	Bacteria;Bacteria;Bacteroidota	0.03409338563800807	Bacteria	Bacteroidota	Soil	SRR10102393-Soil		Soil	2023-01-21	9.011	48.5592	Poltringen	3.1	295	7.2	6.1	25.8	27.9	21.2	0.2
SRR10102393	Bacteria;Bacteria;Verrucomicrobiota	0.09907921978860194	Bacteria	Verrucomicrobiota	Soil	SRR10102393-Soil		Soil	2023-01-21	9.011	48.5592	Poltringen	3.1	295	7.2	6.1	25.8	27.9	21.2	0.2
SRR10102393	Bacteria;Bacteria;Methylomirabilota	0.006633431404598452	Bacteria	Methylomirabilota	Soil	SRR10102393-Soil		Soil	2023-01-21	9.011	48.5592	Poltringen	3.1	295	7.2	6.1	25.8	27.9	21.2	0.2
SRR10102393	Bacteria;Bacteria;Patescibacteriota	0.0011441647597254005	Bacteria	Patescibacteriota	Soil	SRR10102393-Soil		Soil	2023-01-21	9.011	48.5592	Poltringen	3.1	295	7.2	6.1	25.8	27.9	21.2	0.2
SRR10102393	;;	0.1301214994006756	Unclassified	Unclassified	Soil	SRR10102393-Soil		Soil	2023-01-21	9.011	48.5592	Poltringen	3.1	295	7.2	6.1	25.8	27.9	21.2	0.2
SRR10102393	Bacteria;Bacteria;Chloroflexota	0.029625694671461263	Bacteria	Chloroflexota	Soil	SRR10102393-Soil		Soil	2023-01-21	9.011	48.5592	Poltringen	3.1	295	7.2	6.1	25.8	27.9	21.2	0.2
SRR10102393	Bacteria;Bacteria;Bacillota	0.02790944753187316	Bacteria	Bacillota	Soil	SRR10102393-Soil		Soil	2023-01-21	9.011	48.5592	Poltringen	3.1	295	7.2	6.1	25.8	27.9	21.2	0.2
SRR10102393	Bacteria;Bacteria;	0.029639315680505613	Bacteria	Unclassified	Soil	SRR10102393-Soil		Soil	2023-01-21	9.011	48.5592	Poltringen	3.1	295	7.2	6.1	25.8	27.9	21.2	0.2
SRR10102393	Bacteria;Bacteria;Desulfobacterota	0.011319058515854855	Bacteria	Desulfobacterota	Soil	SRR10102393-Soil		Soil	2023-01-21	9.011	48.5592	Poltringen	3.1	295	7.2	6.1	25.8	27.9	21.2	0.2
SRR10102393	Bacteria;Bacteria;Myxococcota	0.004345101885147652	Bacteria	Myxococcota	Soil	SRR10102393-Soil		Soil	2023-01-21	9.011	48.5592	Poltringen	3.1	295	7.2	6.1	25.8	27.9	21.2	0.2
SRR10102393	Bacteria;Bacteria;Nitrospirota	0.005761686825760053	Bacteria	Nitrospirota	Soil	SRR10102393-Soil		Soil	2023-01-21	9.011	48.5592	Poltringen	3.1	295	7.2	6.1	25.8	27.9	21.2	0.2
SRR10102393	Archaea;Archaea;Thermoproteota	0.05733082706766917	Archaea	Thermoproteota	Soil	SRR10102393-Soil		Soil	2023-01-21	9.011	48.5592	Poltringen	3.1	295	7.2	6.1	25.8	27.9	21.2	0.2
SRR10102393	Bacteria;Bacteria;Eisenbacteria	0.0015936580581889506	Bacteria	Eisenbacteria	Soil	SRR10102393-Soil		Soil	2023-01-21	9.011	48.5592	Poltringen	3.1	295	7.2	6.1	25.8	27.9	21.2	0.2
SRR10102393	Bacteria;Bacteria;Gemmatimonadota	0.007886564236678653	Bacteria	Gemmatimonadota	Soil	SRR10102393-Soil		Soil	2023-01-21	9.011	48.5592	Poltringen	3.1	295	7.2	6.1	25.8	27.9	21.2	0.2
SRR10102393	Bacteria;Bacteria;Krumholzibacteriota	0.00019069412662090009	Bacteria	Krumholzibacteriota	Soil	SRR10102393-Soil		Soil	2023-01-21	9.011	48.5592	Poltringen	3.1	295	7.2	6.1	25.8	27.9	21.2	0.2
SRR10102393	Bacteria;Bacteria;Cyanobacteriota	0.00034052522610875016	Bacteria	Cyanobacteriota	Soil	SRR10102393-Soil		Soil	2023-01-21	9.011	48.5592	Poltringen	3.1	295	7.2	6.1	25.8	27.9	21.2	0.2
SRR10102393	Bacteria;Bacteria;Armatimonadota	0.002560749700337801	Bacteria	Armatimonadota	Soil	SRR10102393-Soil		Soil	2023-01-21	9.011	48.5592	Poltringen	3.1	295	7.2	6.1	25.8	27.9	21.2	0.2
SRR10102393	Bacteria;Bacteria;Hydrogenedentota	0.00002724201808870001	Bacteria	Hydrogenedentota	Soil	SRR10102393-Soil		Soil	2023-01-21	9.011	48.5592	Poltringen	3.1	295	7.2	6.1	25.8	27.9	21.2	0.2
SRR10102393	Bacteria;Bacteria;UBA10199	0.00017707311757655006	Bacteria	UBA10199	Soil	SRR10102393-Soil		Soil	2023-01-21	9.011	48.5592	Poltringen	3.1	295	7.2	6.1	25.8	27.9	21.2	0.2
SRR10102393	Bacteria;Bacteria;Tectomicrobia	0.0010624387054593003	Bacteria	Tectomicrobia	Soil	SRR10102393-Soil		Soil	2023-01-21	9.011	48.5592	Poltringen	3.1	295	7.2	6.1	25.8	27.9	21.2	0.2
SRR10102393	Bacteria;Bacteria;Sumerlaeota	0.0006265664160401002	Bacteria	Sumerlaeota	Soil	SRR10102393-Soil		Soil	2023-01-21	9.011	48.5592	Poltringen	3.1	295	7.2	6.1	25.8	27.9	21.2	0.2
SRR10102393	Archaea;Archaea;Methanobacteriota	0.00020431513566525008	Archaea	Methanobacteriota	Soil	SRR10102393-Soil		Soil	2023-01-21	9.011	48.5592	Poltringen	3.1	295	7.2	6.1	25.8	27.9	21.2	0.2
SRR10102394	Bacteria;Bacteria;Pseudomonadota	0.19530937087418968	Bacteria	Pseudomonadota	Soil	SRR10102394-Soil		Soil	2023-01-23	8.9981	48.5736	Reusten	3.7	328	6.6	6.5	19.4	22.3	16.7	0.15
SRR10102394	Bacteria;Bacteria;Planctomycetota	0.017148536588983992	Bacteria	Planctomycetota	Soil	SRR10102394-Soil		Soil	2023-01-23	8.9981	48.5736	Reusten	3.7	328	6.6	6.5	19.4	22.3	16.7	0.15
SRR10102394	Bacteria;Bacteria;Acidobacteriota	0.2153357760602869	Bacteria	Acidobacteriota	Soil	SRR10102394-Soil		Soil	2023-01-23	8.9981	48.5736	Reusten	3.7	328	6.6	6.5	19.4	22.3	16.7	0.15
SRR10102394	Bacteria;Bacteria;Actinomycetota	0.12392636216641201	Bacteria	Actinomycetota	Soil	SRR10102394-Soil		Soil	2023-01-23	8.9981	48.5736	Reusten	3.7	328	6.6	6.5	19.4	22.3	16.7	0.15
SRR10102394	Bacteria;Bacteria;Myxococcota_A	0.007995727700226966	Bacteria	Myxococcota_A	Soil	SRR10102394-Soil		Soil	2023-01-23	8.9981	48.5736	Reusten	3.7	328	6.6	6.5	19.4	22.3	16.7	0.15
SRR10102394	Bacteria;Bacteria;Bacteroidota	0.0325021138983252	Bacteria	Bacteroidota	Soil	SRR10102394-Soil		Soil	2023-01-23	8.9981	48.5736	Reusten	3.7	328	6.6	6.5	19.4	22.3	16.7	0.15
SRR10102394	Bacteria;Bacteria;Verrucomicrobiota	0.10134844461586388	Bacteria	Verrucomicrobiota	Soil	SRR10102394-Soil		Soil	2023-01-23	8.9981	48.5736	Reusten	3.7	328	6.6	6.5	19.4	22.3	16.7	0.15
SRR10102394	Bacteria;Bacteria;Methylomirabilota	0.005607393452107223	Bacteria	Methylomirabilota	Soil	SRR10102394-Soil		Soil	2023-01-23	8.9981	48.5736	Reusten	3.7	328	6.6	6.5	19.4	22.3	16.7	0.15
SRR10102394	Bacteria;Bacteria;Patescibacteriota	0.0013350936790731483	Bacteria	Patescibacteriota	Soil	SRR10102394-Soil		Soil	2023-01-23	8.9981	48.5736	Reusten	3.7	328	6.6	6.5	19.4	22.3	16.7	0.15
SRR10102394	;;	0.11661301567993354	Unclassified	Unclassified	Soil	SRR10102394-Soil		Soil	2023-01-23	8.9981	48.5736	Reusten	3.7	328	6.6	6.5	19.4	22.3	16.7	0.15
SRR10102394	Bacteria;Bacteria;Chloroflexota	0.03444541692008723	Bacteria	Chloroflexota	Soil	SRR10102394-Soil		Soil	2023-01-23	8.9981	48.5736	Reusten	3.7	328	6.6	6.5	19.4	22.3	16.7	0.15
SRR10102394	Bacteria;Bacteria;Bacillota	0.03276913263413983	Bacteria	Bacillota	Soil	SRR10102394-Soil		Soil	2023-01-23	8.9981	48.5736	Reusten	3.7	328	6.6	6.5	19.4	22.3	16.7	0.15
SRR10102394	Bacteria;Bacteria;	0.028927029713251548	Bacteria	Unclassified	Soil	SRR10102394-Soil		Soil	2023-01-23	8.9981	48.5736	Reusten	3.7	328	6.6	6.5	19.4	22.3	16.7	0.15
SRR10102394	Bacteria;Bacteria;Desulfobacterota	0.009523668244055124	Bacteria	Desulfobacterota	Soil	SRR10102394-Soil		Soil	2023-01-23	8.9981	48.5736	Reusten	3.7	328	6.6	6.5	19.4	22.3	16.7	0.15
SRR10102394	Bacteria;Bacteria;Myxococcota	0.00479150287045141	Bacteria	Myxococcota	Soil	SRR10102394-Soil		Soil	2023-01-23	8.9981	48.5736	Reusten	3.7	328	6.6	6.5	19.4	22.3	16.7	0.15
SRR10102394	Bacteria;Bacteria;Nitrospirota	0.004509649760424857	Bacteria	Nitrospirota	Soil	SRR10102394-Soil		Soil	2023-01-23	8.9981	48.5736	Reusten	3.7	328	6.6	6.5	19.4	22.3	16.7	0.15
SRR10102394	Archaea;Archaea;Thermoproteota	0.05463500022251561	Archaea	Thermoproteota	Soil	SRR10102394-Soil		Soil	2023-01-23	8.9981	48.5736	Reusten	3.7	328	6.6	6.5	19.4	22.3	16.7	0.15
SRR10102394	Bacteria;Bacteria;Eisenbacteria	0.001023571820622747	Bacteria	Eisenbacteria	Soil	SRR10102394-Soil		Soil	2023-01-23	8.9981	48.5736	Reusten	3.7	328	6.6	6.5	19.4	22.3	16.7	0.15
SRR10102394	Bacteria;Bacteria;Gemmatimonadota	0.007565530848081174	Bacteria	Gemmatimonadota	Soil	SRR10102394-Soil		Soil	2023-01-23	8.9981	48.5736	Reusten	3.7	328	6.6	6.5	19.4	22.3	16.7	0.15
SRR10102394	Bacteria;Bacteria;Krumholzibacteriota	0.0002076812389669342	Bacteria	Krumholzibacteriota	Soil	SRR10102394-Soil		Soil	2023-01-23	8.9981	48.5736	Reusten	3.7	328	6.6	6.5	19.4	22.3	16.7	0.15
SRR10102394	Bacteria;Bacteria;Cyanobacteriota	0.0002521843616027058	Bacteria	Cyanobacteriota	Soil	SRR10102394-Soil		Soil	2023-01-23	8.9981	48.5736	Reusten	3.7	328	6.6	6.5	19.4	22.3	16.7	0.15
SRR10102394	Bacteria;Bacteria;Armatimonadota	0.002625684235510525	Bacteria	Armatimonadota	Soil	SRR10102394-Soil		Soil	2023-01-23	8.9981	48.5736	Reusten	3.7	328	6.6	6.5	19.4	22.3	16.7	0.15
SRR10102394	Bacteria;Bacteria;UBA10199	0.00007417187105961935	Bacteria	UBA10199	Soil	SRR10102394-Soil		Soil	2023-01-23	8.9981	48.5736	Reusten	3.7	328	6.6	6.5	19.4	22.3	16.7	0.15
SRR10102394	Bacteria;Bacteria;Tectomicrobia	0.0009048968269273561	Bacteria	Tectomicrobia	Soil	SRR10102394-Soil		Soil	2023-01-23	8.9981	48.5736	Reusten	3.7	328	6.6	6.5	19.4	22.3	16.7	0.15
SRR10102394	Bacteria;Bacteria;Sumerlaeota	0.00045986560056964	Bacteria	Sumerlaeota	Soil	SRR10102394-Soil		Soil	2023-01-23	8.9981	48.5736	Reusten	3.7	328	6.6	6.5	19.4	22.3	16.7	0.15
SRR10102394	Archaea;Archaea;Methanobacteriota	0.00016317811633116257	Archaea	Methanobacteriota	Soil	SRR10102394-Soil		Soil	2023-01-23	8.9981	48.5736	Reusten	3.7	328	6.6	6.5	19.4	22.3	16.7	0.15
